date,PAYEMS_19950106,PAYEMS_19950407,PAYEMS_19950707,PAYEMS_19951006,PAYEMS_19960119,PAYEMS_19960405,PAYEMS_19960705,PAYEMS_19961004,PAYEMS_19970110,PAYEMS_19970404,PAYEMS_19970703,PAYEMS_19971003,PAYEMS_19980109,PAYEMS_19980403,PAYEMS_19980702,PAYEMS_19981002,PAYEMS_19990108,PAYEMS_19990402,PAYEMS_19990702,PAYEMS_19991008,PAYEMS_20000107,PAYEMS_20000407,PAYEMS_20000707,PAYEMS_20001006,PAYEMS_20010105,PAYEMS_20010406,PAYEMS_20010706,PAYEMS_20011005,PAYEMS_20020104,PAYEMS_20020405,PAYEMS_20020705,PAYEMS_20021004,PAYEMS_20030110,PAYEMS_20030404,PAYEMS_20030703,PAYEMS_20031003,PAYEMS_20040109,PAYEMS_20040402,PAYEMS_20040702,PAYEMS_20041008,PAYEMS_20050107,PAYEMS_20050401,PAYEMS_20050708,PAYEMS_20051007,PAYEMS_20060106,PAYEMS_20060407,PAYEMS_20060707,PAYEMS_20061006,PAYEMS_20070105,PAYEMS_20070406,PAYEMS_20070706,PAYEMS_20071005,PAYEMS_20080104,PAYEMS_20080404,PAYEMS_20080703,PAYEMS_20081003,PAYEMS_20090109,PAYEMS_20090403,PAYEMS_20090702,PAYEMS_20091002,PAYEMS_20100108,PAYEMS_20100402,PAYEMS_20100702,PAYEMS_20101008,PAYEMS_20110107,PAYEMS_20110401,PAYEMS_20110708,PAYEMS_20111007,PAYEMS_20120106,PAYEMS_20120406,,EMPLOY12M7,EMPLOY12M10,EMPLOY13M1,EMPLOY13M4,EMPLOY13M7,EMPLOY13M10,EMPLOY14M1,EMPLOY14M4,EMPLOY14M7,EMPLOY14M10,EMPLOY15M1,EMPLOY15M4,EMPLOY15M7,EMPLOY15M10,EMPLOY16M1,EMPLOY16M4,EMPLOY16M7,EMPLOY16M10,EMPLOY17M1,EMPLOY17M4,EMPLOY17M7,EMPLOY17M10,EMPLOY18M1
1985:01:00,2.89,2.89,2.89,2.89,2.89,2.89,2.89,2.89,2.89,2.89,2.89,2.89,2.89,2.89,2.89,2.89,2.89,2.89,2.89,2.89,2.89,2.89,2.89,2.89,2.89,2.89,2.89,2.89,2.89,2.89,2.89,2.89,2.89,2.89,2.8,2.8,2.8,2.8,2.8,2.8,2.8,2.8,2.8,2.8,2.8,2.8,2.8,2.8,2.8,2.8,2.8,2.8,2.8,2.8,2.8,2.8,2.8,2.8,2.8,2.8,2.8,2.8,2.8,2.8,2.8,2.8,2.8,2.8,2.8,2.8,2.77412761,2.77412761,2.77412761,2.77412761,2.77412761,2.77412761,2.77412761,2.7763503,2.7763503,2.7763503,2.7763503,2.7763503,2.7763503,2.7763503,2.7763503,2.7763503,2.7763503,2.7763503,2.7763503,2.7763503,2.7763503,2.7763503,2.7763503,2.7763503
1985:02:00,2.74,2.74,2.74,2.74,2.74,2.74,2.74,2.74,2.74,2.74,2.74,2.74,2.74,2.74,2.74,2.74,2.74,2.74,2.74,2.74,2.74,2.74,2.74,2.74,2.74,2.74,2.74,2.74,2.74,2.74,2.74,2.74,2.74,2.74,2.92,2.92,2.92,2.92,2.92,2.92,2.92,2.92,2.92,2.92,2.92,2.92,2.92,2.92,2.92,2.92,2.92,2.92,2.92,2.92,2.92,2.92,2.92,2.92,2.92,2.92,2.92,2.92,2.92,2.92,2.92,2.92,2.92,2.92,2.92,2.92,2.891735974,2.891735974,2.891735974,2.891735974,2.891735974,2.891735974,2.891735974,2.896658417,2.896658417,2.896658417,2.896658417,2.896658417,2.896658417,2.896658417,2.896658417,2.896658417,2.896658417,2.896658417,2.896658417,2.896658417,2.896658417,2.896658417,2.896658417,2.896658417
1985:03:00,2.35,2.35,2.35,2.35,2.35,2.35,2.35,2.35,2.35,2.35,2.35,2.35,2.35,2.35,2.35,2.35,2.35,2.35,2.35,2.35,2.35,2.35,2.35,2.35,2.35,2.35,2.35,2.35,2.35,2.35,2.35,2.35,2.35,2.35,2.38,2.38,2.38,2.38,2.38,2.38,2.38,2.38,2.38,2.38,2.38,2.38,2.38,2.38,2.38,2.38,2.38,2.38,2.38,2.38,2.38,2.38,2.38,2.38,2.38,2.38,2.38,2.38,2.38,2.38,2.38,2.38,2.38,2.38,2.38,2.38,2.359580047,2.359580047,2.359580047,2.359580047,2.359580047,2.359580047,2.359580047,2.364544182,2.364544182,2.364544182,2.364544182,2.364544182,2.364544182,2.364544182,2.364544182,2.364544182,2.364544182,2.364544182,2.364544182,2.364544182,2.364544182,2.364544182,2.364544182,2.364544182
1985:04:00,2.54,2.54,2.54,2.54,2.54,2.54,2.54,2.54,2.54,2.54,2.54,2.54,2.54,2.54,2.54,2.54,2.54,2.54,2.54,2.54,2.54,2.54,2.54,2.54,2.54,2.54,2.54,2.54,2.54,2.54,2.54,2.54,2.54,2.54,2.4,2.4,2.4,2.4,2.4,2.4,2.4,2.4,2.4,2.4,2.4,2.4,2.4,2.4,2.4,2.4,2.4,2.4,2.4,2.4,2.4,2.4,2.4,2.4,2.4,2.4,2.4,2.4,2.4,2.4,2.4,2.4,2.4,2.4,2.4,2.4,2.382539826,2.382539826,2.382539826,2.382539826,2.382539826,2.382539826,2.382539826,2.381991995,2.381991995,2.381991995,2.381991995,2.381991995,2.381991995,2.381991995,2.381991995,2.381991995,2.381991995,2.381991995,2.381991995,2.381991995,2.381991995,2.381991995,2.381991995,2.381991995
1986:01:00,1.68,1.68,1.68,1.68,1.68,1.68,1.68,1.68,1.68,1.68,1.68,1.68,1.68,1.68,1.68,1.68,1.68,1.68,1.68,1.68,1.68,1.68,1.68,1.68,1.68,1.68,1.68,1.68,1.68,1.68,1.68,1.68,1.68,1.68,1.66,1.66,1.66,1.66,1.66,1.66,1.66,1.66,1.66,1.66,1.66,1.66,1.66,1.66,1.66,1.66,1.66,1.66,1.66,1.66,1.66,1.66,1.66,1.66,1.66,1.66,1.66,1.66,1.66,1.66,1.66,1.66,1.66,1.66,1.66,1.66,1.654381882,1.654381882,1.654381882,1.654381882,1.654381882,1.654381882,1.654381882,1.660775389,1.660775389,1.660775389,1.660775389,1.660775389,1.660775389,1.660775389,1.660775389,1.660775389,1.660775389,1.660775389,1.660775389,1.660775389,1.660775389,1.660775389,1.660775389,1.660775389
1986:02:00,1.26,1.26,1.26,1.26,1.26,1.26,1.26,1.26,1.26,1.26,1.26,1.26,1.26,1.26,1.26,1.26,1.26,1.26,1.26,1.26,1.26,1.26,1.26,1.26,1.26,1.26,1.26,1.26,1.26,1.26,1.26,1.26,1.26,1.26,1.38,1.38,1.38,1.38,1.38,1.38,1.38,1.38,1.38,1.38,1.38,1.38,1.38,1.38,1.38,1.38,1.38,1.38,1.38,1.38,1.38,1.38,1.38,1.38,1.38,1.38,1.38,1.38,1.38,1.38,1.38,1.38,1.38,1.38,1.38,1.38,1.368250257,1.368250257,1.368250257,1.368250257,1.368250257,1.368250257,1.368250257,1.370608744,1.370608744,1.370608744,1.370608744,1.370608744,1.370608744,1.370608744,1.370608744,1.370608744,1.370608744,1.370608744,1.370608744,1.370608744,1.370608744,1.370608744,1.370608744,1.370608744
1986:03:00,1.92,1.92,1.92,1.92,1.92,1.92,1.92,1.92,1.92,1.92,1.92,1.92,1.92,1.92,1.92,1.92,1.92,1.92,1.92,1.92,1.92,1.92,1.92,1.92,1.92,1.92,1.92,1.92,1.92,1.92,1.92,1.92,1.92,1.92,1.99,1.99,1.98,1.98,1.98,1.98,1.98,1.98,1.98,1.98,1.98,1.98,1.98,1.98,1.98,1.98,1.98,1.98,1.98,1.98,1.98,1.98,1.98,1.98,1.98,1.98,1.98,1.98,1.98,1.98,1.98,1.98,1.98,1.98,1.98,1.98,1.970075078,1.970075078,1.970075078,1.970075078,1.970075078,1.970075078,1.970075078,1.973611725,1.973611725,1.973611725,1.973611725,1.973611725,1.973611725,1.973611725,1.973611725,1.973611725,1.973611725,1.973611725,1.973611725,1.973611725,1.973611725,1.973611725,1.973611725,1.973611725
1986:04:00,2.79,2.79,2.79,2.79,2.79,2.79,2.79,2.79,2.79,2.79,2.79,2.79,2.79,2.79,2.79,2.79,2.79,2.79,2.79,2.79,2.79,2.79,2.79,2.79,2.79,2.79,2.79,2.79,2.79,2.79,2.79,2.79,2.79,2.79,2.62,2.62,2.62,2.62,2.62,2.62,2.62,2.62,2.62,2.62,2.62,2.62,2.62,2.62,2.62,2.62,2.62,2.62,2.62,2.62,2.62,2.62,2.62,2.62,2.62,2.62,2.62,2.62,2.62,2.62,2.62,2.62,2.62,2.62,2.62,2.62,2.59872204,2.59872204,2.59872204,2.59872204,2.59872204,2.59872204,2.59872204,2.599368541,2.599368541,2.599368541,2.599368541,2.599368541,2.599368541,2.599368541,2.599368541,2.599368541,2.599368541,2.599368541,2.599368541,2.599368541,2.599368541,2.599368541,2.599368541,2.599368541
1987:01:00,2.42,2.42,2.42,2.42,2.42,2.42,2.42,2.42,2.42,2.42,2.42,2.42,2.42,2.42,2.42,2.42,2.42,2.42,2.42,2.42,2.42,2.42,2.42,2.42,2.42,2.42,2.42,2.42,2.42,2.42,2.42,2.42,2.42,2.42,2.44,2.44,2.44,2.44,2.44,2.44,2.44,2.44,2.44,2.44,2.44,2.44,2.44,2.44,2.44,2.44,2.44,2.44,2.44,2.44,2.44,2.44,2.44,2.44,2.44,2.44,2.44,2.44,2.44,2.44,2.44,2.44,2.44,2.44,2.44,2.44,2.419759488,2.419759488,2.419759488,2.419759488,2.419759488,2.419759488,2.419759488,2.42578355,2.42578355,2.42578355,2.42578355,2.42578355,2.42578355,2.42578355,2.42578355,2.42578355,2.42578355,2.42578355,2.42578355,2.42578355,2.42578355,2.42578355,2.42578355,2.42578355
1987:02:00,3.11,3.11,3.11,3.11,3.11,3.11,3.11,3.11,3.11,3.11,3.11,3.11,3.11,3.11,3.11,3.11,3.11,3.11,3.11,3.11,3.11,3.11,3.11,3.11,3.11,3.11,3.11,3.11,3.11,3.11,3.11,3.11,3.11,3.11,3.17,3.17,3.17,3.17,3.17,3.17,3.17,3.17,3.17,3.17,3.17,3.17,3.17,3.17,3.17,3.17,3.17,3.17,3.17,3.17,3.17,3.17,3.17,3.17,3.17,3.17,3.17,3.17,3.17,3.17,3.17,3.17,3.17,3.17,3.17,3.17,3.130693241,3.130693241,3.130693241,3.130693241,3.130693241,3.130693241,3.130693241,3.128516685,3.128516685,3.128516685,3.128516685,3.128516685,3.128516685,3.128516685,3.128516685,3.128516685,3.128516685,3.128516685,3.128516685,3.128516685,3.128516685,3.128516685,3.128516685,3.128516685
1987:03:00,2.78,2.78,2.78,2.78,2.78,2.78,2.78,2.78,2.78,2.78,2.78,2.78,2.78,2.78,2.78,2.78,2.78,2.78,2.78,2.78,2.78,2.78,2.78,2.78,2.78,2.78,2.78,2.78,2.78,2.78,2.78,2.78,2.78,2.78,2.89,2.89,2.88,2.88,2.88,2.88,2.88,2.88,2.88,2.88,2.88,2.88,2.88,2.88,2.88,2.88,2.88,2.88,2.88,2.88,2.88,2.88,2.88,2.88,2.88,2.88,2.88,2.88,2.88,2.88,2.88,2.88,2.88,2.88,2.88,2.88,2.853357117,2.853357117,2.853357117,2.853357117,2.853357117,2.853357117,2.853357117,2.859109232,2.859109232,2.859109232,2.859109232,2.859109232,2.859109232,2.859109232,2.859109232,2.859109232,2.859109232,2.859109232,2.859109232,2.859109232,2.859109232,2.859109232,2.859109232,2.859109232
1987:04:00,3.94,3.94,3.94,3.94,3.94,3.94,3.94,3.94,3.94,3.94,3.94,3.94,3.94,3.94,3.94,3.94,3.94,3.94,3.94,3.94,3.94,3.94,3.94,3.94,3.94,3.94,3.94,3.94,3.94,3.94,3.94,3.94,3.94,3.94,3.77,3.77,3.78,3.78,3.78,3.78,3.78,3.78,3.78,3.78,3.78,3.78,3.78,3.78,3.78,3.78,3.78,3.78,3.78,3.78,3.78,3.78,3.78,3.78,3.78,3.78,3.78,3.78,3.78,3.78,3.78,3.78,3.78,3.78,3.78,3.78,3.723666401,3.723666401,3.723666401,3.723666401,3.723666401,3.723666401,3.723666401,3.723927878,3.723927878,3.723927878,3.723927878,3.723927878,3.723927878,3.723927878,3.723927878,3.723927878,3.723927878,3.723927878,3.723927878,3.723927878,3.723927878,3.723927878,3.723927878,3.723927878
1988:01:00,2.98,2.98,2.98,2.98,2.98,2.98,2.95,2.95,2.95,2.95,2.95,2.95,2.95,2.95,2.95,2.95,2.95,2.95,2.95,2.95,2.95,2.95,2.95,2.95,2.95,2.95,2.95,2.95,2.95,2.95,2.95,2.95,2.95,2.95,2.97,2.97,2.98,2.98,2.98,2.98,2.98,2.98,2.98,2.98,2.98,2.98,2.98,2.98,2.98,2.98,2.98,2.98,2.98,2.98,2.98,2.98,2.98,2.98,2.98,2.98,2.98,2.98,2.98,2.98,2.98,2.98,2.98,2.98,2.98,2.98,2.942425093,2.942425093,2.942425093,2.942425093,2.942425093,2.942425093,2.942425093,2.945449527,2.945449527,2.945449527,2.945449527,2.945449527,2.945449527,2.945449527,2.945449527,2.945449527,2.945449527,2.945449527,2.945449527,2.945449527,2.945449527,2.945449527,2.945449527,2.945449527
1988:02:00,3.32,3.32,3.32,3.32,3.32,3.32,3.25,3.25,3.25,3.25,3.24,3.24,3.24,3.24,3.24,3.24,3.24,3.24,3.24,3.24,3.24,3.24,3.24,3.24,3.24,3.24,3.24,3.24,3.24,3.24,3.24,3.24,3.24,3.24,3.31,3.31,3.31,3.31,3.31,3.31,3.31,3.31,3.31,3.31,3.31,3.31,3.31,3.31,3.31,3.31,3.31,3.31,3.31,3.31,3.31,3.31,3.31,3.31,3.31,3.31,3.31,3.31,3.31,3.31,3.31,3.31,3.31,3.31,3.31,3.31,3.27310456,3.27310456,3.27310456,3.27310456,3.27310456,3.27310456,3.27310456,3.27855442,3.27855442,3.27855442,3.27855442,3.27855442,3.27855442,3.27855442,3.27855442,3.27855442,3.27855442,3.27855442,3.27855442,3.27855442,3.27855442,3.27855442,3.27855442,3.27855442
1988:03:00,2.79,2.79,2.79,2.79,2.79,2.79,2.99,2.99,2.99,2.99,3,3,3,3,3,3,3,3,3,3,3,3,3,3,3,3,3,3,3,3,3,3,3,3,2.83,2.83,2.83,2.83,2.83,2.83,2.83,2.83,2.83,2.83,2.83,2.83,2.83,2.83,2.83,2.83,2.83,2.83,2.83,2.83,2.83,2.83,2.83,2.83,2.83,2.83,2.83,2.83,2.83,2.83,2.83,2.83,2.83,2.83,2.83,2.83,2.799453918,2.799453918,2.799453918,2.799453918,2.799453918,2.799453918,2.799453918,2.803658126,2.803658126,2.803658126,2.803658126,2.803658126,2.803658126,2.803658126,2.803658126,2.803658126,2.803658126,2.803658126,2.803658126,2.803658126,2.803658126,2.803658126,2.803658126,2.803658126
1988:04:00,3.11,3.11,3.11,3.11,3.11,3.11,2.98,2.98,2.98,2.98,2.98,2.98,2.98,2.98,2.98,2.98,2.98,2.98,2.98,2.98,2.98,2.98,2.98,2.98,2.98,2.98,2.98,2.98,2.98,2.98,2.98,2.98,2.98,2.98,3.28,3.28,3.28,3.28,3.28,3.28,3.28,3.28,3.28,3.28,3.28,3.28,3.28,3.28,3.28,3.28,3.28,3.28,3.28,3.28,3.28,3.28,3.28,3.28,3.28,3.28,3.28,3.28,3.28,3.28,3.28,3.28,3.28,3.28,3.28,3.28,3.244144246,3.244144246,3.244144246,3.244144246,3.244144246,3.244144246,3.244144246,3.245645733,3.245645733,3.245645733,3.245645733,3.245645733,3.245645733,3.245645733,3.245645733,3.245645733,3.245645733,3.245645733,3.245645733,3.245645733,3.245645733,3.245645733,3.245645733,3.245645733
1989:01:00,3.32,3.32,3.32,3.32,3.32,3.32,3.2,3.2,3.2,3.2,3.2,3.2,3.2,3.2,3.2,3.2,3.2,3.2,3.2,3.2,3.2,3.2,3.2,3.2,3.2,3.2,3.2,3.2,3.2,3.2,3.2,3.2,3.2,3.2,3.05,3.05,3.05,3.05,3.05,3.05,3.05,3.05,3.05,3.05,3.05,3.05,3.05,3.05,3.05,3.05,3.05,3.05,3.05,3.05,3.05,3.05,3.05,3.05,3.05,3.05,3.05,3.05,3.05,3.05,3.05,3.05,3.05,3.05,3.05,3.05,3.016628391,3.016628391,3.016628391,3.016628391,3.016628391,3.016628391,3.016628391,3.019371448,3.019371448,3.019371448,3.019371448,3.019371448,3.019371448,3.019371448,3.019371448,3.019371448,3.019371448,3.019371448,3.019371448,3.019371448,3.019371448,3.019371448,3.019371448,3.019371448
1989:02:00,1.81,1.81,1.81,1.81,1.81,1.81,1.94,1.94,1.94,1.94,1.93,1.93,1.93,1.93,1.93,1.93,1.93,1.93,1.93,1.93,1.93,1.93,1.93,1.93,1.93,1.93,1.93,1.93,1.93,1.93,1.93,1.93,1.93,1.93,1.89,1.89,1.89,1.89,1.89,1.89,1.89,1.89,1.89,1.89,1.89,1.89,1.89,1.89,1.89,1.89,1.89,1.89,1.89,1.89,1.89,1.89,1.89,1.89,1.89,1.89,1.89,1.89,1.89,1.89,1.89,1.89,1.89,1.89,1.89,1.89,1.880132999,1.880132999,1.880132999,1.880132999,1.880132999,1.880132999,1.880132999,1.880743542,1.880743542,1.880743542,1.880743542,1.880743542,1.880743542,1.880743542,1.880743542,1.880743542,1.880743542,1.880743542,1.880743542,1.880743542,1.880743542,1.880743542,1.880743542,1.880743542
1989:03:00,1.16,1.16,1.16,1.16,1.16,1.16,1.19,1.19,1.19,1.19,1.18,1.18,1.18,1.18,1.18,1.18,1.18,1.18,1.18,1.18,1.18,1.18,1.18,1.18,1.18,1.18,1.18,1.18,1.18,1.18,1.18,1.18,1.18,1.18,1.01,1.01,1.01,1.01,1.01,1.01,1.01,1.01,1.01,1.01,1.01,1.01,1.01,1.01,1.01,1.01,1.01,1.01,1.01,1.01,1.01,1.01,1.01,1.01,1.01,1.01,1.01,1.01,1.01,1.01,1.01,1.01,1.01,1.01,1.01,1.01,1.003618399,1.003618399,1.003618399,1.003618399,1.003618399,1.003618399,1.003618399,1.01073744,1.01073744,1.01073744,1.01073744,1.01073744,1.01073744,1.01073744,1.01073744,1.01073744,1.01073744,1.01073744,1.01073744,1.01073744,1.01073744,1.01073744,1.01073744,1.01073744
1989:04:00,1.72,1.72,1.72,1.72,1.72,1.72,1.73,1.73,1.73,1.73,1.73,1.73,1.73,1.73,1.73,1.73,1.73,1.73,1.73,1.73,1.73,1.73,1.73,1.73,1.73,1.73,1.73,1.73,1.73,1.73,1.73,1.73,1.73,1.73,1.9,1.9,1.9,1.9,1.9,1.9,1.9,1.9,1.9,1.9,1.9,1.9,1.9,1.9,1.9,1.9,1.9,1.9,1.9,1.9,1.9,1.9,1.9,1.9,1.9,1.9,1.9,1.9,1.9,1.9,1.9,1.9,1.9,1.9,1.9,1.9,1.882669207,1.882669207,1.882669207,1.882669207,1.882669207,1.882669207,1.882669207,1.888188423,1.888188423,1.888188423,1.888188423,1.888188423,1.888188423,1.888188423,1.888188423,1.888188423,1.888188423,1.888188423,1.888188423,1.888188423,1.888188423,1.888188423,1.888188423,1.888188423
1990:01:00,2.76,2.76,2.75,2.75,2.75,2.75,2.61,2.61,2.61,2.61,2.63,2.63,2.63,2.63,2.63,2.63,2.63,2.63,2.63,2.63,2.63,2.63,2.63,2.63,2.63,2.63,2.63,2.63,2.63,2.63,2.63,2.63,2.63,2.63,2.72,2.72,2.73,2.73,2.73,2.73,2.73,2.73,2.73,2.73,2.73,2.73,2.73,2.73,2.73,2.73,2.73,2.73,2.73,2.72,2.72,2.72,2.72,2.72,2.72,2.72,2.72,2.72,2.72,2.72,2.72,2.72,2.72,2.72,2.72,2.72,2.691127828,2.691127828,2.691127828,2.685016649,2.685016649,2.685016649,2.685016649,2.679113504,2.679113504,2.679113504,2.679113504,2.680327937,2.680327937,2.680327937,2.680327937,2.681542371,2.681542371,2.681542371,2.681542371,2.684008038,2.684008038,2.684008038,2.684008038,2.680327937
1990:02:00,1.72,1.72,1.74,1.74,1.74,1.74,1.83,1.83,1.83,1.83,1.83,1.83,1.83,1.83,1.83,1.83,1.83,1.83,1.83,1.83,1.83,1.83,1.83,1.83,1.83,1.83,1.83,1.83,1.83,1.83,1.83,1.83,1.83,1.83,1.36,1.36,1.36,1.36,1.36,1.36,1.36,1.36,1.36,1.36,1.36,1.36,1.36,1.36,1.36,1.36,1.36,1.36,1.36,1.36,1.36,1.36,1.36,1.36,1.36,1.36,1.36,1.36,1.36,1.36,1.36,1.36,1.36,1.36,1.36,1.36,1.357927593,1.357927593,1.357927593,1.370089064,1.370089064,1.370089064,1.370089064,1.373268871,1.373268871,1.373268871,1.373268871,1.37085203,1.37085203,1.37085203,1.37085203,1.368435204,1.368435204,1.368435204,1.368435204,1.365977591,1.365977591,1.365977591,1.365977591,1.375713985
1990:03:00,-0.52,-0.52,-0.53,-0.53,-0.53,-0.53,-0.51,-0.51,-0.51,-0.51,-0.55,-0.55,-0.55,-0.55,-0.55,-0.55,-0.55,-0.55,-0.55,-0.55,-0.55,-0.55,-0.55,-0.55,-0.55,-0.55,-0.55,-0.55,-0.55,-0.55,-0.55,-0.55,-0.55,-0.55,-0.54,-0.54,-0.54,-0.54,-0.54,-0.54,-0.54,-0.54,-0.54,-0.54,-0.54,-0.54,-0.54,-0.54,-0.54,-0.54,-0.54,-0.54,-0.54,-0.53,-0.53,-0.53,-0.53,-0.53,-0.53,-0.53,-0.53,-0.53,-0.53,-0.53,-0.53,-0.53,-0.53,-0.53,-0.53,-0.53,-0.53088829,-0.53088829,-0.53088829,-0.536929971,-0.536929971,-0.536929971,-0.536929971,-0.50759438,-0.50759438,-0.50759438,-0.50759438,-0.505191446,-0.505191446,-0.505191446,-0.505191446,-0.507633862,-0.507633862,-0.507633862,-0.507633862,-0.508836095,-0.508836095,-0.508836095,-0.508836095,-0.518518984
1990:04:00,-1.65,-1.65,-1.65,-1.65,-1.65,-1.65,-1.67,-1.67,-1.67,-1.67,-1.69,-1.69,-1.69,-1.69,-1.69,-1.69,-1.69,-1.69,-1.69,-1.69,-1.69,-1.69,-1.69,-1.69,-1.69,-1.69,-1.69,-1.69,-1.69,-1.69,-1.69,-1.69,-1.69,-1.69,-1.47,-1.47,-1.47,-1.47,-1.47,-1.47,-1.47,-1.47,-1.47,-1.47,-1.47,-1.47,-1.47,-1.47,-1.47,-1.47,-1.47,-1.47,-1.47,-1.46,-1.46,-1.46,-1.46,-1.46,-1.46,-1.46,-1.46,-1.46,-1.46,-1.46,-1.46,-1.46,-1.46,-1.46,-1.46,-1.46,-1.467019433,-1.467019433,-1.467019433,-1.468223702,-1.468223702,-1.468223702,-1.468223702,-1.494368805,-1.494368805,-1.494368805,-1.494368805,-1.495568057,-1.495568057,-1.495568057,-1.495568057,-1.491933936,-1.491933936,-1.491933936,-1.491933936,-1.495586197,-1.495586197,-1.495586197,-1.495586197,-1.473713009
1991:01:00,-2.06,-2.06,-2.08,-2.08,-2.08,-2.08,-2.16,-2.16,-2.16,-2.16,-2.09,-2.09,-2.09,-2.09,-2.09,-2.09,-2.09,-2.09,-2.09,-2.09,-2.09,-2.09,-2.09,-2.09,-2.09,-2.09,-2.09,-2.09,-2.09,-2.09,-2.09,-2.09,-2.09,-2.09,-1.67,-1.67,-1.67,-1.67,-1.67,-1.67,-1.67,-1.67,-1.67,-1.67,-1.67,-1.67,-1.67,-1.67,-1.67,-1.67,-1.67,-1.67,-1.67,-1.69,-1.69,-1.69,-1.69,-1.69,-1.69,-1.69,-1.69,-1.69,-1.69,-1.69,-1.69,-1.69,-1.69,-1.69,-1.69,-1.69,-1.703171929,-1.703171929,-1.703171929,-1.709293862,-1.709293862,-1.709293862,-1.709293862,-1.697652474,-1.697652474,-1.697652474,-1.697652474,-1.696444206,-1.696444206,-1.696444206,-1.696444206,-1.696444206,-1.696444206,-1.696444206,-1.696444206,-1.686725372,-1.686725372,-1.686725372,-1.686725372,-1.7073711
1991:02:00,-1.5,-1.5,-1.46,-1.46,-1.46,-1.46,-1.34,-1.34,-1.34,-1.34,-1.39,-1.39,-1.39,-1.39,-1.39,-1.39,-1.39,-1.39,-1.39,-1.39,-1.39,-1.39,-1.39,-1.39,-1.39,-1.39,-1.39,-1.39,-1.39,-1.39,-1.39,-1.39,-1.39,-1.39,-1.74,-1.74,-1.74,-1.74,-1.74,-1.74,-1.74,-1.74,-1.74,-1.74,-1.74,-1.74,-1.74,-1.74,-1.74,-1.74,-1.74,-1.74,-1.74,-1.74,-1.74,-1.74,-1.74,-1.74,-1.74,-1.74,-1.74,-1.74,-1.74,-1.74,-1.74,-1.74,-1.74,-1.74,-1.74,-1.74,-1.748452774,-1.748452774,-1.748452774,-1.739914108,-1.739914108,-1.739914108,-1.739914108,-1.723310125,-1.723310125,-1.723310125,-1.723310125,-1.724518312,-1.724518312,-1.724518312,-1.724518312,-1.724518312,-1.724518312,-1.724518312,-1.724518312,-1.728174194,-1.728174194,-1.728174194,-1.728174194,-1.719617295
1991:03:00,0.11,0.11,0.1,0.1,0.1,0.1,0.09,0.09,0.09,0.09,0.14,0.14,0.14,0.14,0.14,0.14,0.14,0.14,0.14,0.14,0.14,0.14,0.14,0.14,0.14,0.14,0.14,0.14,0.14,0.14,0.14,0.14,0.14,0.14,-0.05,-0.05,-0.05,-0.05,-0.05,-0.05,-0.05,-0.05,-0.05,-0.05,-0.05,-0.05,-0.05,-0.05,-0.05,-0.05,-0.05,-0.05,-0.05,-0.04,-0.04,-0.04,-0.04,-0.04,-0.04,-0.04,-0.04,-0.04,-0.04,-0.04,-0.04,-0.04,-0.04,-0.04,-0.04,-0.04,-0.03572627,-0.03572627,-0.03572627,-0.029556286,-0.029556286,-0.029556286,-0.029556286,0.006167198,0.006167198,0.006167198,0.006167198,0.006167198,0.006167198,0.006167198,0.006167198,0.001218668,0.001218668,0.001218668,0.001218668,0,0,0,0,-0.007385729
1991:04:00,-0.11,-0.11,-0.1,-0.1,-0.1,-0.1,-0.1,-0.1,-0.1,-0.1,-0.15,-0.15,-0.15,-0.15,-0.15,-0.15,-0.15,-0.15,-0.15,-0.15,-0.15,-0.15,-0.15,-0.15,-0.15,-0.15,-0.15,-0.15,-0.15,-0.15,-0.15,-0.15,-0.15,-0.15,0.02,0.02,0.02,0.02,0.02,0.02,0.02,0.02,0.02,0.02,0.02,0.02,0.02,0.02,0.02,0.02,0.02,0.02,0.02,0.03,0.03,0.03,0.03,0.03,0.03,0.03,0.03,0.03,0.03,0.03,0.03,0.03,0.03,0.03,0.03,0.03,0.029559016,0.029559016,0.029559016,0.055422132,0.055422132,0.055422132,0.055422132,0.035673179,0.035673179,0.035673179,0.035673179,0.035673179,0.035673179,0.035673179,0.035673179,0.043096393,0.043096393,0.043096393,0.043096393,0.038184807,0.038184807,0.038184807,0.038184807,0.051701057
1992:01:00,-0.21,-0.21,-0.23,-0.23,-0.23,-0.23,-0.22,-0.22,-0.22,-0.22,-0.2,-0.2,-0.2,-0.2,-0.2,-0.2,-0.2,-0.2,-0.2,-0.2,-0.2,-0.2,-0.2,-0.2,-0.2,-0.2,-0.2,-0.2,-0.2,-0.2,-0.2,-0.2,-0.2,-0.2,0.08,0.08,0.08,0.08,0.08,0.08,0.08,0.08,0.08,0.08,0.08,0.08,0.08,0.08,0.08,0.08,0.08,0.08,0.08,0.07,0.07,0.07,0.07,0.07,0.07,0.07,0.07,0.07,0.07,0.07,0.07,0.07,0.07,0.07,0.07,0.07,0.071416696,0.071416696,0.071416696,0.084968829,0.084968829,0.084968829,0.084968829,0.098480213,0.098480213,0.098480213,0.098480213,0.098480213,0.098480213,0.098480213,0.098480213,0.096005613,0.096005613,0.096005613,0.096005613,0.09969936,0.09969936,0.09969936,0.09969936,0.08983744
1992:02:00,1.3,1.3,1.33,1.33,1.33,1.33,1.26,1.26,1.26,1.26,1.31,1.31,1.31,1.31,1.31,1.31,1.31,1.31,1.31,1.31,1.31,1.31,1.31,1.31,1.31,1.31,1.31,1.31,1.31,1.31,1.31,1.31,1.31,1.31,1.02,1.02,1.02,1.02,1.02,1.02,1.02,1.02,1.02,1.02,1.02,1.02,1.02,1.02,1.02,1.02,1.02,1.02,1.02,1.01,1.01,1.01,1.01,1.01,1.01,1.01,1.01,1.01,1.01,1.01,1.01,1.01,1.01,1.01,1.01,1.01,1.010921793,1.010921793,1.010921793,1.028015291,1.028015291,1.028015291,1.028015291,1.037350143,1.037350143,1.037350143,1.037350143,1.037350143,1.037350143,1.037350143,1.037350143,1.036131902,1.036131902,1.036131902,1.036131902,1.036098141,1.036098141,1.036098141,1.036098141,1.029963731
1992:03:00,1.02,1.02,1.01,1.01,1.01,1.01,1,1,1,1,0.99,0.99,0.99,0.99,0.99,0.99,0.99,0.99,0.99,0.99,0.99,0.99,0.99,0.99,0.99,0.99,0.99,0.99,0.99,0.99,0.99,0.99,0.99,0.99,0.95,0.95,0.95,0.95,0.95,0.95,0.95,0.95,0.95,0.95,0.95,0.95,0.95,0.95,0.95,0.95,0.95,0.95,0.95,0.96,0.96,0.96,0.96,0.96,0.96,0.96,0.96,0.96,0.96,0.96,0.96,0.96,0.96,0.96,0.96,0.95,0.94941921,0.94941921,0.94941921,0.961535539,0.961535539,0.961535539,0.961535539,0.962240183,0.962240183,0.962240183,0.962240183,0.961025093,0.961025093,0.961025093,0.961025093,0.965925205,0.965925205,0.965925205,0.965925205,0.967180146,0.967180146,0.967180146,0.967180146,0.958609651
1992:04:00,1.51,1.51,1.49,1.49,1.49,1.49,1.5,1.5,1.5,1.5,1.46,1.46,1.46,1.46,1.46,1.46,1.46,1.46,1.46,1.46,1.46,1.46,1.46,1.46,1.46,1.46,1.46,1.46,1.46,1.46,1.46,1.46,1.46,1.46,1.52,1.52,1.52,1.52,1.52,1.52,1.52,1.52,1.52,1.52,1.52,1.52,1.52,1.52,1.52,1.52,1.52,1.52,1.52,1.52,1.52,1.52,1.52,1.52,1.52,1.52,1.52,1.52,1.52,1.52,1.52,1.52,1.52,1.52,1.52,1.52,1.513224031,1.513224031,1.513224031,1.522786345,1.522786345,1.522786345,1.522786345,1.514628772,1.514628772,1.514628772,1.514628772,1.518269893,1.518269893,1.518269893,1.518269893,1.518255951,1.518255951,1.518255951,1.518255951,1.513370555,1.513370555,1.513370555,1.513370555,1.515841241
1993:01:00,2.18,2.18,2.17,2.17,2.17,2.17,2.2,2.2,2.2,2.2,2.22,2.22,2.22,2.22,2.14,2.14,2.14,2.14,2.14,2.14,2.14,2.14,2.14,2.14,2.14,2.14,2.14,2.14,2.14,2.14,2.14,2.14,2.14,2.14,2.36,2.36,2.36,2.36,2.36,2.36,2.36,2.36,2.36,2.36,2.36,2.36,2.36,2.36,2.36,2.36,2.36,2.36,2.36,2.37,2.37,2.37,2.37,2.37,2.37,2.37,2.37,2.37,2.37,2.37,2.37,2.37,2.37,2.37,2.37,2.37,2.351038416,2.351038416,2.351038416,2.352952591,2.352952591,2.352952591,2.352952591,2.350539537,2.350539537,2.350539537,2.350539537,2.348110158,2.348110158,2.348110158,2.348110158,2.344429336,2.344429336,2.344429336,2.344429336,2.348117247,2.348117247,2.348117247,2.348117247,2.361604873
1993:02:00,1.96,1.96,2.36,2.36,2.36,2.36,2.33,2.33,2.33,2.33,2.31,2.31,2.31,2.31,2.36,2.36,2.36,2.36,2.36,2.36,2.36,2.36,2.36,2.36,2.36,2.36,2.36,2.36,2.36,2.36,2.36,2.36,2.36,2.36,2.17,2.17,2.17,2.17,2.17,2.17,2.17,2.17,2.17,2.17,2.17,2.17,2.17,2.17,2.17,2.17,2.17,2.17,2.17,2.17,2.17,2.17,2.17,2.17,2.17,2.17,2.17,2.17,2.17,2.17,2.17,2.17,2.17,2.17,2.17,2.16,2.145583799,2.145583799,2.145583799,2.159674662,2.159674662,2.159674662,2.159674662,2.16218281,2.16218281,2.16218281,2.16218281,2.16218281,2.16218281,2.16218281,2.16218281,2.160982265,2.160982265,2.160982265,2.160982265,2.160988751,2.160988751,2.160988751,2.160988751,2.151255649
1993:03:00,1.84,1.84,2.44,2.44,2.44,2.44,2.45,2.45,2.45,2.45,2.38,2.38,2.38,2.38,2.33,2.33,2.33,2.33,2.33,2.33,2.33,2.33,2.33,2.33,2.33,2.33,2.33,2.33,2.33,2.33,2.33,2.33,2.33,2.33,2.51,2.51,2.51,2.51,2.51,2.51,2.51,2.51,2.51,2.51,2.51,2.51,2.51,2.51,2.51,2.51,2.51,2.51,2.51,2.51,2.51,2.51,2.51,2.51,2.51,2.51,2.51,2.51,2.51,2.51,2.51,2.51,2.51,2.51,2.51,2.51,2.482933364,2.482933364,2.482933364,2.508877235,2.508877235,2.508877235,2.508877235,2.512440032,2.512440032,2.512440032,2.512440032,2.511209756,2.511209756,2.511209756,2.511209756,2.514835722,2.514835722,2.514835722,2.514835722,2.518461708,2.518461708,2.518461708,2.518461708,2.525736824
1993:04:00,2.21,2.21,2.89,2.89,2.89,2.89,2.98,2.98,2.98,2.98,2.94,2.94,2.94,2.94,2.96,2.96,2.96,2.96,2.96,2.96,2.96,2.96,2.96,2.96,2.96,2.96,2.96,2.96,2.96,2.96,2.96,2.96,2.96,2.96,2.79,2.79,2.79,2.79,2.79,2.79,2.79,2.79,2.79,2.79,2.79,2.79,2.79,2.79,2.79,2.79,2.79,2.79,2.79,2.79,2.79,2.79,2.79,2.79,2.79,2.79,2.79,2.79,2.79,2.79,2.79,2.79,2.79,2.79,2.79,2.79,2.760349895,2.760349895,2.760349895,2.784656721,2.784656721,2.784656721,2.784656721,2.793992413,2.793992413,2.793992413,2.793992413,2.795223553,2.795223553,2.795223553,2.795223553,2.795170758,2.795170758,2.795170758,2.795170758,2.793967296,2.793967296,2.793967296,2.793967296,2.787953973
1994:01:00,2.22,2.22,3.03,3.03,3.03,3.03,2.86,2.86,2.86,2.86,2.97,2.97,2.97,2.97,2.98,2.98,2.98,2.98,2.99,2.99,2.99,2.99,2.99,2.99,2.99,2.99,2.99,2.99,2.99,2.99,2.99,2.99,2.99,2.99,3.05,3.05,3.05,3.05,3.05,3.05,3.05,3.05,3.05,3.05,3.05,3.05,3.05,3.05,3.05,3.05,3.05,3.05,3.05,3.07,3.07,3.07,3.07,3.07,3.07,3.07,3.07,3.07,3.07,3.07,3.07,3.07,3.07,3.07,3.07,3.07,3.036912912,3.036912912,3.036912912,3.054807807,3.054807807,3.054807807,3.054807807,3.055501074,3.055501074,3.055501074,3.055501074,3.055501074,3.055501074,3.055501074,3.055501074,3.053126272,3.053126272,3.053126272,3.053126272,3.055473797,3.055473797,3.055473797,3.055473797,3.072222347
1994:02:00,3.69,3.69,3.57,3.57,3.57,3.57,3.82,3.82,3.82,3.82,3.84,3.84,3.84,3.84,3.87,3.87,3.87,3.87,3.86,3.86,3.86,3.86,3.86,3.86,3.86,3.86,3.86,3.86,3.86,3.86,3.86,3.86,3.86,3.86,3.82,3.82,3.82,3.82,3.82,3.82,3.82,3.82,3.82,3.82,3.82,3.82,3.82,3.82,3.82,3.82,3.82,3.82,3.82,3.79,3.79,3.79,3.79,3.79,3.79,3.79,3.79,3.79,3.79,3.79,3.79,3.79,3.79,3.79,3.79,3.79,3.740018801,3.740018801,3.740018801,3.73134679,3.73134679,3.73134679,3.73134679,3.734057178,3.734057178,3.734057178,3.734057178,3.734057178,3.734057178,3.734057178,3.734057178,3.734057178,3.734057178,3.734057178,3.734057178,3.728105905,3.728105905,3.728105905,3.728105905,3.716159559
1994:03:00,3.27,3.27,2.96,2.96,2.96,2.96,3.58,3.58,3.58,3.58,3.52,3.52,3.52,3.52,3.48,3.48,3.48,3.48,3.52,3.52,3.52,3.52,3.52,3.52,3.52,3.52,3.52,3.52,3.52,3.52,3.52,3.52,3.52,3.52,3.56,3.56,3.56,3.56,3.56,3.56,3.56,3.56,3.56,3.56,3.56,3.56,3.56,3.56,3.56,3.56,3.56,3.56,3.56,3.57,3.57,3.57,3.57,3.57,3.57,3.57,3.57,3.57,3.57,3.57,3.57,3.57,3.57,3.57,3.57,3.56,3.516788847,3.516788847,3.516788847,3.497813142,3.497813142,3.497813142,3.497813142,3.515751591,3.515751591,3.515751591,3.515751591,3.518104016,3.518104016,3.518104016,3.518104016,3.509923195,3.509923195,3.509923195,3.509923195,3.515807378,3.515807378,3.515807378,3.515807378,3.516966042
1994:04:00,3.02,3.1,2.99,2.99,2.99,2.99,3.25,3.25,3.25,3.25,3.31,3.31,3.31,3.31,3.3,3.3,3.3,3.3,3.31,3.31,3.31,3.31,3.31,3.31,3.31,3.31,3.31,3.31,3.31,3.31,3.31,3.31,3.31,3.31,3.23,3.23,3.23,3.23,3.23,3.23,3.23,3.23,3.23,3.23,3.23,3.23,3.23,3.23,3.23,3.23,3.23,3.23,3.23,3.23,3.23,3.23,3.23,3.23,3.23,3.23,3.23,3.23,3.23,3.23,3.23,3.23,3.23,3.23,3.23,3.23,3.191165071,3.191165071,3.191165071,3.179587397,3.179587397,3.179587397,3.179587397,3.176539267,3.176539267,3.176539267,3.176539267,3.173040278,3.173040278,3.173040278,3.173040278,3.183511425,3.183511425,3.183511425,3.183511425,3.178854646,3.178854646,3.178854646,3.178854646,3.173067887
1995:01:00,999,2.81,2.63,2.63,2.63,2.63,3.06,3.06,3.06,3.06,3.05,3.05,3.05,3.05,3.11,3.11,3.11,3.11,3.12,3.12,3.12,3.12,3.08,3.08,3.08,3.08,3.08,3.08,3.08,3.08,3.08,3.08,3.08,3.08,2.99,2.99,2.99,2.99,2.99,2.99,2.99,2.99,2.99,2.99,2.99,2.99,2.99,2.99,2.99,2.99,2.99,2.99,2.99,3,3,3,3,3,3,3,3,3,3,3,3,3,3,3,3,3,2.966586885,2.966586885,2.966586885,2.956396469,2.956396469,2.956396469,2.956396469,2.962732758,2.962732758,2.962732758,2.962732758,2.96502023,2.96502023,2.96502023,2.96502023,2.963898358,2.963898358,2.963898358,2.963898358,2.969638895,2.969638895,2.969638895,2.969638895,2.977718733
1995:02:00,999,999,0.94,1,1,1,1.63,1.63,1.63,1.63,1.57,1.57,1.57,1.57,1.57,1.57,1.57,1.57,1.48,1.48,1.48,1.48,1.47,1.47,1.47,1.47,1.47,1.47,1.47,1.47,1.47,1.47,1.47,1.47,1.55,1.55,1.55,1.55,1.55,1.55,1.55,1.55,1.55,1.55,1.55,1.55,1.55,1.55,1.55,1.55,1.55,1.55,1.55,1.54,1.54,1.54,1.54,1.54,1.54,1.54,1.54,1.54,1.54,1.54,1.54,1.54,1.54,1.54,1.54,1.54,1.527866609,1.527866609,1.527866609,1.531969668,1.531969668,1.531969668,1.531969668,1.527614249,1.527614249,1.527614249,1.527614249,1.526478798,1.526478798,1.526478798,1.526478798,1.526440074,1.526440074,1.526440074,1.526440074,1.519567434,1.519567434,1.519567434,1.519567434,1.517292202
1995:03:00,999,999,999,1.46,1.43,1.43,1.67,1.67,1.67,1.67,1.64,1.64,1.64,1.64,1.62,1.62,1.62,1.62,1.7,1.7,1.7,1.7,1.75,1.75,1.75,1.75,1.75,1.75,1.75,1.75,1.75,1.75,1.75,1.75,1.67,1.67,1.67,1.67,1.67,1.67,1.67,1.67,1.67,1.67,1.67,1.67,1.67,1.67,1.67,1.67,1.67,1.67,1.67,1.69,1.69,1.69,1.69,1.69,1.69,1.69,1.69,1.69,1.69,1.69,1.69,1.69,1.69,1.69,1.69,1.69,1.678106528,1.678106528,1.678106528,1.686708293,1.686708293,1.686708293,1.686708293,1.702744184,1.702744184,1.702744184,1.702744184,1.705031992,1.705031992,1.705031992,1.705031992,1.697071101,1.697071101,1.697071101,1.697071101,1.700495457,1.700495457,1.700495457,1.700495457,1.701617353
1995:04:00,999,999,999,999,1.3,1.4,1.67,1.67,1.67,1.67,1.83,1.83,1.83,1.83,1.82,1.82,1.82,1.82,1.81,1.81,1.81,1.81,1.84,1.84,1.84,1.84,1.84,1.84,1.84,1.84,1.84,1.84,1.84,1.84,1.86,1.86,1.86,1.86,1.86,1.86,1.86,1.86,1.86,1.86,1.86,1.86,1.86,1.86,1.86,1.86,1.86,1.86,1.86,1.86,1.86,1.86,1.86,1.86,1.86,1.86,1.86,1.86,1.86,1.86,1.86,1.86,1.86,1.86,1.86,1.86,1.846918262,1.846918262,1.846918262,1.86107168,1.86107168,1.86107168,1.86107168,1.844045796,1.844045796,1.844045796,1.844045796,1.841757196,1.841757196,1.841757196,1.841757196,1.848588915,1.848588915,1.848588915,1.848588915,1.845183535,1.845183535,1.845183535,1.845183535,1.854217492
1996:01:00,999,999,999,999,999,1.66,1.82,1.84,1.84,1.84,1.78,1.78,1.78,1.78,1.79,1.79,1.79,1.79,1.82,1.82,1.82,1.82,1.72,1.72,1.72,1.72,1.64,1.64,1.64,1.64,1.64,1.64,1.64,1.64,1.7,1.7,1.7,1.7,1.7,1.7,1.7,1.7,1.7,1.7,1.7,1.7,1.7,1.7,1.7,1.7,1.7,1.7,1.7,1.69,1.69,1.69,1.69,1.69,1.69,1.69,1.69,1.69,1.69,1.69,1.69,1.69,1.69,1.69,1.69,1.68,1.67357879,1.67357879,1.67357879,1.670695695,1.670695695,1.670695695,1.670695695,1.678742926,1.678742926,1.678742926,1.678742926,1.677592175,1.677592175,1.677592175,1.677592175,1.679859832,1.679859832,1.679859832,1.679859832,1.686638518,1.686638518,1.686638518,1.686638518,1.676471382
1996:02:00,999,999,999,999,999,999,2.69,2.72,2.72,2.72,2.65,2.65,2.65,2.65,2.78,2.78,2.78,2.78,2.7,2.7,2.7,2.7,2.77,2.77,2.77,2.77,2.78,2.78,2.78,2.78,2.78,2.78,2.78,2.78,2.69,2.69,2.69,2.69,2.69,2.69,2.69,2.69,2.69,2.69,2.69,2.69,2.69,2.69,2.69,2.69,2.69,2.69,2.69,2.69,2.69,2.69,2.69,2.69,2.69,2.69,2.69,2.69,2.69,2.69,2.69,2.69,2.69,2.69,2.69,2.69,2.661846105,2.661846105,2.661846105,2.671005927,2.671005927,2.671005927,2.671005927,2.679481667,2.679481667,2.679481667,2.679481667,2.681747529,2.681747529,2.681747529,2.681747529,2.680586451,2.680586451,2.680586451,2.680586451,2.676073819,2.676073819,2.676073819,2.676073819,2.677178371
1996:03:00,999,999,999,999,999,999,999,2.25,2.35,2.35,2.2,2.2,2.2,2.2,2.37,2.37,2.37,2.37,2.43,2.43,2.43,2.43,2.44,2.44,2.44,2.44,2.51,2.51,2.51,2.51,2.51,2.51,2.51,2.51,2.46,2.46,2.46,2.46,2.46,2.46,2.46,2.46,2.46,2.46,2.46,2.46,2.46,2.46,2.46,2.46,2.46,2.46,2.46,2.47,2.47,2.47,2.47,2.47,2.47,2.47,2.47,2.47,2.47,2.47,2.47,2.47,2.47,2.47,2.47,2.47,2.446517412,2.446517412,2.446517412,2.46233218,2.46233218,2.46233218,2.46233218,2.493114231,2.493114231,2.493114231,2.493114231,2.493140824,2.493140824,2.493140824,2.493140824,2.484194854,2.484194854,2.484194854,2.484194854,2.485333165,2.485333165,2.485333165,2.485333165,2.481937795
1996:04:00,999,999,999,999,999,999,999,999,1.76,1.85,1.86,1.86,1.86,1.86,2.29,2.29,2.29,2.29,2.32,2.32,2.32,2.32,2.32,2.32,2.32,2.32,2.35,2.35,2.35,2.35,2.35,2.35,2.35,2.35,2.37,2.37,2.37,2.37,2.37,2.37,2.37,2.37,2.37,2.37,2.37,2.37,2.37,2.37,2.37,2.37,2.37,2.37,2.37,2.38,2.38,2.38,2.38,2.38,2.38,2.38,2.38,2.38,2.38,2.38,2.38,2.38,2.38,2.38,2.38,2.38,2.358362314,2.358362314,2.358362314,2.381773686,2.381773686,2.381773686,2.381773686,2.374559898,2.374559898,2.374559898,2.374559898,2.37232393,2.37232393,2.37232393,2.37232393,2.382352029,2.382352029,2.382352029,2.382352029,2.377886712,2.377886712,2.377886712,2.377886712,2.390137928
1997:01:00,999,999,999,999,999,999,999,999,999,2.44,2.3,2.3,2.3,2.3,2.7,2.7,2.7,2.7,2.61,2.61,2.61,2.61,2.5,2.5,2.5,2.5,2.47,2.47,2.47,2.47,2.45,2.45,2.45,2.45,2.49,2.49,2.49,2.49,2.49,2.49,2.49,2.49,2.49,2.49,2.49,2.49,2.49,2.49,2.49,2.49,2.49,2.49,2.49,2.49,2.49,2.49,2.49,2.49,2.49,2.49,2.49,2.49,2.49,2.49,2.49,2.49,2.49,2.49,2.49,2.49,2.468190391,2.468190391,2.468190391,2.482429981,2.482429981,2.482429981,2.482429981,2.499466647,2.499466647,2.499466647,2.499466647,2.499440391,2.499440391,2.499440391,2.499440391,2.497243729,2.497243729,2.497243729,2.497243729,2.497264379,2.497264379,2.497264379,2.497264379,2.489455758
1997:02:00,999,999,999,999,999,999,999,999,999,999,2.38,2.38,2.38,2.38,2.85,2.85,2.85,2.85,2.82,2.82,2.82,2.82,2.9,2.9,2.9,2.9,2.86,2.86,2.86,2.86,2.8,2.8,2.8,2.8,2.85,2.85,2.85,2.85,2.85,2.85,2.85,2.85,2.85,2.85,2.85,2.85,2.85,2.85,2.85,2.85,2.85,2.85,2.85,2.84,2.84,2.84,2.84,2.84,2.84,2.84,2.84,2.84,2.84,2.84,2.84,2.84,2.84,2.84,2.84,2.84,2.810674342,2.810674342,2.810674342,2.831166915,2.831166915,2.831166915,2.831166915,2.844406139,2.844406139,2.844406139,2.844406139,2.844446957,2.844446957,2.844446957,2.844446957,2.845531696,2.845531696,2.845531696,2.845531696,2.847757445,2.847757445,2.847757445,2.847757445,2.846616434
1997:03:00,999,999,999,999,999,999,999,999,999,999,999,2.27,2.39,2.39,2.24,2.24,2.24,2.24,2.35,2.35,2.35,2.35,2.39,2.39,2.39,2.39,2.46,2.46,2.46,2.46,2.54,2.54,2.54,2.54,2.28,2.28,2.28,2.28,2.28,2.28,2.28,2.28,2.28,2.28,2.28,2.28,2.28,2.28,2.28,2.28,2.28,2.28,2.28,2.29,2.29,2.29,2.29,2.29,2.29,2.29,2.29,2.29,2.29,2.29,2.29,2.29,2.29,2.29,2.29,2.29,2.270303774,2.270303774,2.270303774,2.315858239,2.315858239,2.315858239,2.315858239,2.355435155,2.355435155,2.355435155,2.355435155,2.356518577,2.356518577,2.356518577,2.356518577,2.349984497,2.349984497,2.349984497,2.349984497,2.349990824,2.349990824,2.349990824,2.349990824,2.344560164
1997:04:00,999,999,999,999,999,999,999,999,999,999,999,999,2.99,3.01,3.09,3.09,3.09,3.09,3.09,3.09,3.09,3.09,3.06,3.06,3.06,3.06,3.07,3.07,3.07,3.07,3.06,3.06,3.06,3.06,3.22,3.22,3.22,3.22,3.22,3.22,3.22,3.22,3.22,3.22,3.22,3.22,3.22,3.22,3.22,3.22,3.22,3.22,3.22,3.2,3.2,3.2,3.2,3.2,3.2,3.2,3.2,3.2,3.2,3.2,3.2,3.2,3.2,3.2,3.2,3.2,3.157711809,3.157711809,3.157711809,3.179371433,3.179371433,3.179371433,3.179371433,3.161467303,3.161467303,3.161467303,3.161467303,3.161467303,3.161467303,3.161467303,3.161467303,3.166928955,3.166928955,3.166928955,3.166928955,3.168008221,3.168008221,3.168008221,3.168008221,3.162615039
1998:01:00,999,999,999,999,999,999,999,999,999,999,999,999,999,3.06,2.81,2.81,2.81,2.81,2.69,2.69,2.69,2.69,2.58,2.58,2.58,2.58,2.5,2.5,2.5,2.5,2.49,2.49,2.49,2.49,2.41,2.41,2.41,2.41,2.41,2.41,2.41,2.41,2.41,2.41,2.41,2.41,2.41,2.41,2.41,2.41,2.41,2.41,2.41,2.42,2.42,2.42,2.42,2.42,2.42,2.42,2.42,2.42,2.42,2.42,2.42,2.42,2.42,2.42,2.42,2.43,2.406409957,2.406409957,2.406409957,2.432580468,2.432580468,2.432580468,2.432580468,2.449899396,2.449899396,2.449899396,2.449899396,2.449899396,2.449899396,2.449899396,2.449899396,2.449899396,2.449899396,2.449899396,2.449899396,2.447742455,2.447742455,2.447742455,2.447742455,2.459610198
1998:02:00,999,999,999,999,999,999,999,999,999,999,999,999,999,999,2.31,2.33,2.33,2.33,2.23,2.23,2.23,2.23,2.39,2.39,2.39,2.39,2.49,2.49,2.49,2.49,2.52,2.52,2.52,2.52,2.5,2.5,2.5,2.5,2.5,2.5,2.5,2.5,2.5,2.5,2.5,2.5,2.5,2.5,2.5,2.5,2.5,2.5,2.5,2.5,2.5,2.5,2.5,2.5,2.5,2.5,2.5,2.5,2.5,2.5,2.5,2.5,2.5,2.5,2.5,2.5,2.478587711,2.478587711,2.478587711,2.49047661,2.49047661,2.49047661,2.49047661,2.522434026,2.522434026,2.522434026,2.522434026,2.522434026,2.522434026,2.522434026,2.522434026,2.522434026,2.522434026,2.522434026,2.522434026,2.522479542,2.522479542,2.522479542,2.522479542,2.511772333
1998:03:00,999,999,999,999,999,999,999,999,999,999,999,999,999,999,999,1.87,2.01,2.01,2.09,2.09,2.09,2.09,2.23,2.23,2.23,2.23,2.17,2.17,2.17,2.17,2.17,2.17,2.17,2.17,2.25,2.25,2.25,2.25,2.25,2.25,2.25,2.25,2.25,2.25,2.25,2.25,2.25,2.25,2.25,2.25,2.25,2.25,2.25,2.25,2.25,2.25,2.25,2.25,2.25,2.25,2.25,2.25,2.25,2.25,2.25,2.25,2.25,2.25,2.25,2.25,2.23181583,2.23181583,2.23181583,2.228918735,2.228918735,2.228918735,2.228918735,2.25969407,2.25969407,2.25969407,2.25969407,2.25864478,2.25864478,2.25864478,2.25864478,2.263923027,2.263923027,2.263923027,2.263923027,2.264984201,2.264984201,2.264984201,2.264984201,2.263977017
1998:04:00,999,999,999,999,999,999,999,999,999,999,999,999,999,999,999,999,2.17,2.16,2.41,2.41,2.41,2.41,2.52,2.52,2.52,2.52,2.56,2.56,2.56,2.56,2.53,2.53,2.53,2.53,2.44,2.44,2.44,2.44,2.44,2.44,2.44,2.44,2.44,2.44,2.44,2.44,2.44,2.44,2.44,2.44,2.44,2.44,2.44,2.43,2.43,2.43,2.43,2.43,2.43,2.43,2.43,2.43,2.43,2.43,2.43,2.43,2.43,2.43,2.43,2.43,2.404232019,2.404232019,2.404232019,2.405424866,2.405424866,2.405424866,2.405424866,2.41982452,2.41982452,2.41982452,2.41982452,2.421949247,2.421949247,2.421949247,2.421949247,2.418755696,2.418755696,2.418755696,2.418755696,2.419805392,2.419805392,2.419805392,2.419805392,2.415651207
1999:01:00,999,999,999,999,999,999,999,999,999,999,999,999,999,999,999,999,999,2.33,2.47,2.47,2.47,2.47,2.65,2.65,2.65,2.65,2.55,2.55,2.55,2.55,2.52,2.52,2.52,2.52,2.36,2.36,2.36,2.36,2.36,2.36,2.36,2.36,2.36,2.36,2.36,2.36,2.36,2.36,2.36,2.36,2.36,2.36,2.36,2.39,2.39,2.39,2.39,2.39,2.39,2.39,2.39,2.39,2.39,2.39,2.39,2.39,2.39,2.39,2.39,2.4,2.37519456,2.37519456,2.37519456,2.380569604,2.380569604,2.380569604,2.380569604,2.389591133,2.389591133,2.389591133,2.389591133,2.388516203,2.388516203,2.388516203,2.388516203,2.387466703,2.387466703,2.387466703,2.387466703,2.38642959,2.38642959,2.38642959,2.38642959,2.393827472
1999:02:00,999,999,999,999,999,999,999,999,999,999,999,999,999,999,999,999,999,999,1.83,1.91,1.91,1.91,1.99,1.99,1.99,1.99,2.3,2.3,2.3,2.3,2.34,2.34,2.34,2.34,2.6,2.6,2.6,2.61,2.61,2.61,2.61,2.61,2.61,2.61,2.61,2.61,2.61,2.61,2.61,2.61,2.61,2.61,2.61,2.57,2.57,2.57,2.57,2.57,2.57,2.57,2.57,2.57,2.57,2.57,2.57,2.57,2.57,2.57,2.57,2.56,2.537462242,2.537462242,2.537462242,2.536402735,2.536402735,2.536402735,2.536402735,2.535730863,2.535730863,2.535730863,2.535730863,2.536793067,2.536793067,2.536793067,2.536793067,2.534693367,2.534693367,2.534693367,2.534693367,2.5346999,2.5346999,2.5346999,2.5346999,2.526422669
1999:03:00,999,999,999,999,999,999,999,999,999,999,999,999,999,999,999,999,999,999,999,2,2.17,2.17,2.02,2.02,2.02,2.02,2.24,2.24,2.24,2.24,2.24,2.24,2.24,2.24,2.33,2.33,2.33,2.29,2.29,2.29,2.29,2.29,2.29,2.29,2.29,2.29,2.29,2.29,2.29,2.29,2.29,2.29,2.29,2.3,2.3,2.3,2.3,2.3,2.3,2.3,2.3,2.3,2.3,2.3,2.3,2.3,2.3,2.3,2.3,2.31,2.28719252,2.28719252,2.28719252,2.282146183,2.282146183,2.282146183,2.282146183,2.315919158,2.315919158,2.315919158,2.315919158,2.313833071,2.313833071,2.313833071,2.313833071,2.321103588,2.321103588,2.321103588,2.321103588,2.319029547,2.319029547,2.319029547,2.319029547,2.33463029
1999:04:00,999,999,999,999,999,999,999,999,999,999,999,999,999,999,999,999,999,999,999,999,2.03,2.09,2.22,2.22,2.22,2.22,2.78,2.78,2.78,2.78,2.78,2.78,2.78,2.78,2.77,2.77,2.77,2.83,2.83,2.83,2.83,2.83,2.83,2.83,2.83,2.83,2.83,2.83,2.83,2.83,2.83,2.83,2.83,2.81,2.81,2.81,2.81,2.81,2.81,2.81,2.81,2.81,2.81,2.81,2.81,2.81,2.81,2.81,2.81,2.81,2.783433345,2.783433345,2.783433345,2.768786261,2.768786261,2.768786261,2.768786261,2.750141539,2.750141539,2.750141539,2.750141539,2.750148542,2.750148542,2.750148542,2.750148542,2.747019561,2.747019561,2.747019561,2.747019561,2.747040758,2.747040758,2.747040758,2.747040758,2.751131663
2000:01:00,999,999,999,999,999,999,999,999,999,999,999,999,999,999,999,999,999,999,999,999,999,2.58,2.62,2.62,2.62,2.62,2.72,2.72,2.72,2.72,2.74,2.74,2.74,2.74,2.39,2.39,2.39,2.32,2.32,2.32,2.32,2.41,2.41,2.41,2.41,2.41,2.41,2.41,2.41,2.41,2.41,2.41,2.41,2.42,2.42,2.42,2.42,2.42,2.42,2.42,2.42,2.42,2.42,2.42,2.42,2.42,2.42,2.42,2.42,2.43,2.40380839,2.40380839,2.40380839,2.374331551,2.374331551,2.374331551,2.374331551,2.349216952,2.349216952,2.349216952,2.349216952,2.352257748,2.352257748,2.352257748,2.352257748,2.353281986,2.353281986,2.353281986,2.353281986,2.355323258,2.355323258,2.355323258,2.355323258,2.342013703
2000:02:00,999,999,999,999,999,999,999,999,999,999,999,999,999,999,999,999,999,999,999,999,999,999,2.82,2.87,2.87,2.87,2.68,2.68,2.68,2.68,2.54,2.54,2.54,2.54,2.49,2.49,2.49,2.56,2.56,2.56,2.56,2.39,2.39,2.39,2.39,2.39,2.39,2.39,2.39,2.39,2.39,2.39,2.39,2.39,2.39,2.39,2.39,2.39,2.39,2.39,2.39,2.39,2.39,2.39,2.39,2.39,2.39,2.39,2.39,2.39,2.370154083,2.370154083,2.370154083,2.376581912,2.376581912,2.376581912,2.376581912,2.371035515,2.371035515,2.371035515,2.371035515,2.3669703,2.3669703,2.3669703,2.3669703,2.370999386,2.370999386,2.370999386,2.370999386,2.373047397,2.373047397,2.373047397,2.373047397,2.383238095
2000:03:00,999,999,999,999,999,999,999,999,999,999,999,999,999,999,999,999,999,999,999,999,999,999,999,0.24,0.2,0.2,0.22,0.22,0.22,0.22,0.17,0.17,0.17,0.17,0.64,0.64,0.64,0.7,0.7,0.7,0.7,0.77,0.77,0.77,0.77,0.77,0.77,0.77,0.77,0.77,0.77,0.77,0.77,0.76,0.76,0.76,0.76,0.76,0.76,0.76,0.76,0.76,0.76,0.76,0.76,0.76,0.76,0.76,0.76,0.76,0.760753369,0.760753369,0.760753369,0.770329165,0.770329165,0.770329165,0.770329165,0.780618331,0.780618331,0.780618331,0.780618331,0.781652377,0.781652377,0.781652377,0.781652377,0.784666169,0.784666169,0.784666169,0.784666169,0.782634381,0.782634381,0.782634381,0.782634381,0.787687833
2000:04:00,999,999,999,999,999,999,999,999,999,999,999,999,999,999,999,999,999,999,999,999,999,999,999,999,0.74,0.66,1.02,1.02,1.02,1.02,0.94,0.94,0.94,0.94,0.86,0.86,0.86,0.74,0.74,0.74,0.74,0.79,0.79,0.79,0.79,0.79,0.79,0.79,0.79,0.79,0.79,0.79,0.79,0.82,0.82,0.82,0.82,0.82,0.82,0.82,0.82,0.82,0.82,0.82,0.82,0.82,0.82,0.82,0.82,0.82,0.812866211,0.812866211,0.812866211,0.811225975,0.811225975,0.811225975,0.811225975,0.810363399,0.810363399,0.810363399,0.810363399,0.808339507,0.808339507,0.808339507,0.808339507,0.820411752,0.820411752,0.820411752,0.820411752,0.819416048,0.819416048,0.819416048,0.819416048,0.815378103
2001:01:00,999,999,999,999,999,999,999,999,999,999,999,999,999,999,999,999,999,999,999,999,999,999,999,999,999,1.2,0.9,0.9,0.9,0.9,0.75,0.75,0.75,0.75,0.6,0.6,0.6,0.5,0.5,0.5,0.5,0.6,0.6,0.6,0.6,0.61,0.61,0.61,0.61,0.61,0.61,0.61,0.61,0.56,0.56,0.56,0.56,0.56,0.56,0.56,0.56,0.56,0.56,0.56,0.56,0.56,0.56,0.56,0.56,0.56,0.556249734,0.556249734,0.556249734,0.515535896,0.515535896,0.515535896,0.515535896,0.541181869,0.541181869,0.541181869,0.541181869,0.548217084,0.548217084,0.548217084,0.548217084,0.554220321,0.554220321,0.554220321,0.554220321,0.557240616,0.557240616,0.557240616,0.557240616,0.544139192
2001:02:00,999,999,999,999,999,999,999,999,999,999,999,999,999,999,999,999,999,999,999,999,999,999,999,999,999,999,-0.31,-0.23,-0.23,-0.23,-0.72,-0.72,-0.72,-0.72,-0.98,-0.98,-0.98,-0.83,-0.83,-0.83,-0.83,-1.08,-1.08,-1.08,-1.08,-1.1,-1.1,-1.1,-1.1,-1.1,-1.1,-1.1,-1.1,-1.06,-1.06,-1.06,-1.06,-1.06,-1.06,-1.06,-1.06,-1.06,-1.06,-1.06,-1.06,-1.06,-1.06,-1.06,-1.06,-1.06,-1.06165594,-1.06165594,-1.06165594,-1.045855117,-1.045855117,-1.045855117,-1.045855117,-1.030635256,-1.030635256,-1.030635256,-1.030635256,-1.036651976,-1.036651976,-1.036651976,-1.036651976,-1.032568765,-1.032568765,-1.032568765,-1.032568765,-1.034554974,-1.034554974,-1.034554974,-1.034554974,-1.026562806
2001:03:00,999,999,999,999,999,999,999,999,999,999,999,999,999,999,999,999,999,999,999,999,999,999,999,999,999,999,999,-0.47,-0.38,-0.38,-0.75,-0.75,-0.75,-0.75,-1.41,-1.41,-1.41,-1.2,-1.2,-1.2,-1.2,-1.14,-1.14,-1.14,-1.14,-1.21,-1.21,-1.21,-1.21,-1.21,-1.21,-1.21,-1.21,-1.24,-1.24,-1.24,-1.24,-1.24,-1.24,-1.24,-1.24,-1.24,-1.24,-1.24,-1.24,-1.24,-1.24,-1.24,-1.24,-1.23,-1.239014128,-1.239014128,-1.239014128,-1.225066957,-1.225066957,-1.225066957,-1.225066957,-1.207538208,-1.207538208,-1.207538208,-1.207538208,-1.205520013,-1.205520013,-1.205520013,-1.205520013,-1.198380689,-1.198380689,-1.198380689,-1.198380689,-1.193338422,-1.193338422,-1.193338422,-1.193338422,-1.157088075
2001:04:00,999,999,999,999,999,999,999,999,999,999,999,999,999,999,999,999,999,999,999,999,999,999,999,999,999,999,999,999,-2.59,-2.54,-2.44,-2.44,-2.44,-2.44,-2.38,-2.38,-2.38,-2.64,-2.64,-2.64,-2.64,-2.54,-2.54,-2.54,-2.54,-2.44,-2.44,-2.44,-2.44,-2.44,-2.44,-2.44,-2.44,-2.39,-2.39,-2.39,-2.39,-2.39,-2.39,-2.39,-2.39,-2.39,-2.39,-2.39,-2.39,-2.39,-2.39,-2.39,-2.39,-2.41,-2.431104178,-2.431104178,-2.431104178,-2.416214433,-2.416214433,-2.416214433,-2.416214433,-2.397114977,-2.397114977,-2.397114977,-2.397114977,-2.400145463,-2.400145463,-2.400145463,-2.400145463,-2.391812512,-2.391812512,-2.391812512,-2.391812512,-2.396848583,-2.396848583,-2.396848583,-2.396848583,-2.424905693
2002:01:00,999,999,999,999,999,999,999,999,999,999,999,999,999,999,999,999,999,999,999,999,999,999,999,999,999,999,999,999,999,-0.85,-1.13,-1.13,-1.13,-1.13,-1.21,-1.21,-1.21,-1.41,-1.41,-1.41,-1.41,-1.27,-1.27,-1.27,-1.27,-1.28,-1.28,-1.28,-1.28,-1.31,-1.31,-1.31,-1.31,-1.38,-1.38,-1.38,-1.38,-1.38,-1.38,-1.38,-1.38,-1.38,-1.38,-1.38,-1.38,-1.38,-1.38,-1.38,-1.38,-1.37,-1.378769943,-1.378769943,-1.378769943,-1.38483732,-1.38483732,-1.38483732,-1.38483732,-1.368892005,-1.368892005,-1.368892005,-1.368892005,-1.362804878,-1.362804878,-1.362804878,-1.362804878,-1.356541885,-1.356541885,-1.356541885,-1.356541885,-1.354533342,-1.354533342,-1.354533342,-1.354533342,-1.393101556
2002:02:00,999,999,999,999,999,999,999,999,999,999,999,999,999,999,999,999,999,999,999,999,999,999,999,999,999,999,999,999,999,999,-0.16,-0.16,-0.16,-0.16,-0.37,-0.37,-0.37,-0.18,-0.18,-0.18,-0.18,-0.47,-0.47,-0.47,-0.47,-0.52,-0.52,-0.52,-0.52,-0.47,-0.47,-0.47,-0.47,-0.43,-0.43,-0.43,-0.43,-0.43,-0.43,-0.43,-0.43,-0.43,-0.43,-0.43,-0.43,-0.43,-0.43,-0.43,-0.43,-0.43,-0.426100429,-0.426100429,-0.426100429,-0.396193461,-0.396193461,-0.396193461,-0.396193461,-0.37729442,-0.37729442,-0.37729442,-0.37729442,-0.381390867,-0.381390867,-0.381390867,-0.381390867,-0.375220806,-0.375220806,-0.375220806,-0.375220806,-0.37317048,-0.37317048,-0.37317048,-0.37317048,-0.332423276
2002:03:00,999,999,999,999,999,999,999,999,999,999,999,999,999,999,999,999,999,999,999,999,999,999,999,999,999,999,999,999,999,999,999,0.43,0.42,0.42,-0.5,-0.5,-0.5,-0.31,-0.31,-0.31,-0.31,-0.22,-0.22,-0.22,-0.22,-0.31,-0.31,-0.31,-0.31,-0.28,-0.28,-0.28,-0.28,-0.3,-0.3,-0.3,-0.3,-0.3,-0.3,-0.3,-0.3,-0.3,-0.3,-0.3,-0.3,-0.3,-0.3,-0.3,-0.3,-0.3,-0.298711122,-0.298711122,-0.298711122,-0.269828298,-0.269828298,-0.269828298,-0.269828298,-0.243958696,-0.243958696,-0.243958696,-0.243958696,-0.244969832,-0.244969832,-0.244969832,-0.244969832,-0.239819369,-0.239819369,-0.239819369,-0.239819369,-0.23776624,-0.23776624,-0.23776624,-0.23776624,-0.196950181
2002:04:00,999,999,999,999,999,999,999,999,999,999,999,999,999,999,999,999,999,999,999,999,999,999,999,999,999,999,999,999,999,999,999,999,-0.12,-0.15,0.31,0.31,0.31,-0.12,-0.12,-0.12,-0.12,-0.04,-0.04,-0.04,-0.04,0.09,0.09,0.09,0.09,0.08,0.08,0.08,0.08,0.11,0.11,0.11,0.11,0.11,0.11,0.11,0.11,0.11,0.11,0.11,0.11,0.11,0.11,0.11,0.11,0.1,0.097259617,0.097259617,0.097259617,0.096160536,0.096160536,0.096160536,0.096160536,0.104175444,0.104175444,0.104175444,0.104175444,0.104175978,0.104175978,0.104175978,0.104175978,0.111296623,0.111296623,0.111296623,0.111296623,0.102104844,0.102104844,0.102104844,0.102104844,0.040830704
2003:01:00,999,999,999,999,999,999,999,999,999,999,999,999,999,999,999,999,999,999,999,999,999,999,999,999,999,999,999,999,999,999,999,999,999,-0.6,-0.35,-0.35,-0.35,-0.61,-0.61,-0.61,-0.61,-0.52,-0.52,-0.52,-0.52,-0.52,-0.52,-0.52,-0.52,-0.6,-0.6,-0.6,-0.6,-0.6,-0.6,-0.6,-0.6,-0.6,-0.6,-0.6,-0.6,-0.6,-0.6,-0.6,-0.6,-0.6,-0.6,-0.6,-0.6,-0.58,-0.577213868,-0.577213868,-0.577213868,-0.594094926,-0.594094926,-0.594094926,-0.594094926,-0.551373456,-0.551373456,-0.551373456,-0.551373456,-0.554439487,-0.554439487,-0.554439487,-0.554439487,-0.548212326,-0.548212326,-0.548212326,-0.548212326,-0.545155239,-0.545155239,-0.545155239,-0.545155239,-0.523731267
2003:02:00,999,999,999,999,999,999,999,999,999,999,999,999,999,999,999,999,999,999,999,999,999,999,999,999,999,999,999,999,999,999,999,999,999,999,-0.67,-0.74,-0.74,-0.52,-0.52,-0.52,-0.52,-0.76,-0.76,-0.76,-0.76,-0.8,-0.8,-0.8,-0.8,-0.75,-0.75,-0.75,-0.75,-0.76,-0.76,-0.76,-0.76,-0.76,-0.76,-0.76,-0.76,-0.76,-0.76,-0.76,-0.76,-0.76,-0.76,-0.76,-0.76,-0.77,-0.768680867,-0.768680867,-0.768680867,-0.782378286,-0.782378286,-0.782378286,-0.782378286,-0.736179382,-0.736179382,-0.736179382,-0.736179382,-0.730053904,-0.730053904,-0.730053904,-0.730053904,-0.722731961,-0.722731961,-0.722731961,-0.722731961,-0.71865488,-0.71865488,-0.71865488,-0.71865488,-0.709436218
2003:03:00,999,999,999,999,999,999,999,999,999,999,999,999,999,999,999,999,999,999,999,999,999,999,999,999,999,999,999,999,999,999,999,999,999,999,999,-0.45,-0.25,-0.18,-0.18,-0.18,-0.18,0.14,0.14,0.14,0.14,-0.01,-0.01,-0.01,-0.01,0.04,0.04,0.04,0.04,0.09,0.09,0.09,0.09,0.09,0.09,0.09,0.09,0.09,0.09,0.09,0.09,0.09,0.09,0.09,0.09,0.09,0.087274632,0.087274632,0.087274632,0.0626095,0.0626095,0.0626095,0.0626095,0.100397194,0.100397194,0.100397194,0.100397194,0.099382829,0.099382829,0.099382829,0.099382829,0.104461368,0.104461368,0.104461368,0.104461368,0.10341596,0.10341596,0.10341596,0.10341596,0.073733285
2003:04:00,999,999,999,999,999,999,999,999,999,999,999,999,999,999,999,999,999,999,999,999,999,999,999,999,999,999,999,999,999,999,999,999,999,999,999,999,0.64,0.56,0.56,0.56,0.56,0.86,0.86,0.86,0.86,1.09,1.09,1.09,1.09,0.95,0.95,0.95,0.95,0.96,0.96,0.96,0.96,0.96,0.96,0.96,0.96,0.96,0.96,0.96,0.96,0.96,0.96,0.96,0.96,0.94,0.935294957,0.935294957,0.935294957,0.925330697,0.925330697,0.925330697,0.925330697,0.928848095,0.928848095,0.928848095,0.928848095,0.929861953,0.929861953,0.929861953,0.929861953,0.93784889,0.93784889,0.93784889,0.93784889,0.942973667,0.942973667,0.942973667,0.942973667,0.937868119
2004:01:00,999,999,999,999,999,999,999,999,999,999,999,999,999,999,999,999,999,999,999,999,999,999,999,999,999,999,999,999,999,999,999,999,999,999,999,999,999,1,1.13,1.13,1.13,1.15,1.15,1.15,1.15,1.18,1.18,1.18,1.18,1.17,1.17,1.17,1.17,1.11,1.11,1.11,1.11,1.17,1.17,1.17,1.17,1.17,1.17,1.17,1.17,1.17,1.17,1.17,1.17,1.2,1.191227194,1.191227194,1.191227194,1.173998515,1.173998515,1.173998515,1.173998515,1.192355438,1.192355438,1.192355438,1.192355438,1.191340916,1.191340916,1.191340916,1.191340916,1.196129655,1.196129655,1.196129655,1.196129655,1.185904014,1.185904014,1.185904014,1.185904014,1.215582855
2004:02:00,999,999,999,999,999,999,999,999,999,999,999,999,999,999,999,999,999,999,999,999,999,999,999,999,999,999,999,999,999,999,999,999,999,999,999,999,999,999,2.42,2.35,2.35,2.42,2.42,2.42,2.42,2.18,2.18,2.18,2.18,2.28,2.28,2.28,2.28,2.22,2.22,2.22,2.22,2.23,2.23,2.23,2.23,2.23,2.23,2.23,2.23,2.23,2.23,2.23,2.23,2.23,2.211964568,2.211964568,2.211964568,2.183913914,2.183913914,2.183913914,2.183913914,2.183043389,2.183043389,2.183043389,2.183043389,2.182034885,2.182034885,2.182034885,2.182034885,2.188612047,2.188612047,2.188612047,2.188612047,2.193700551,2.193700551,2.193700551,2.193700551,2.191575329
2004:03:00,999,999,999,999,999,999,999,999,999,999,999,999,999,999,999,999,999,999,999,999,999,999,999,999,999,999,999,999,999,999,999,999,999,999,999,999,999,999,999,1.03,1.2,1.24,1.24,1.24,1.24,0.99,0.99,0.99,0.99,1.05,1.05,1.05,1.05,1.16,1.16,1.16,1.16,1.03,1.03,1.03,1.03,1.03,1.03,1.03,1.03,1.03,1.03,1.03,1.03,1.03,1.030828657,1.030828657,1.030828657,0.992654055,0.992654055,0.992654055,0.992654055,0.989868415,0.989868415,0.989868415,0.989868415,0.99391342,0.99391342,0.99391342,0.99391342,1.010835272,1.010835272,1.010835272,1.010835272,1.008824709,1.008824709,1.008824709,1.008824709,0.997673013
2004:04:00,999,999,999,999,999,999,999,999,999,999,999,999,999,999,999,999,999,999,999,999,999,999,999,999,999,999,999,999,999,999,999,999,999,999,999,999,999,999,999,999,1.84,1.75,1.75,1.75,1.75,1.96,1.96,1.96,1.96,1.83,1.83,1.83,1.83,1.82,1.82,1.82,1.82,1.79,1.79,1.79,1.79,1.79,1.79,1.79,1.79,1.79,1.79,1.79,1.79,1.78,1.770723962,1.770723962,1.770723962,1.743475256,1.743475256,1.743475256,1.743475256,1.771676761,1.771676761,1.771676761,1.771676761,1.766630283,1.766630283,1.766630283,1.766630283,1.763032645,1.763032645,1.763032645,1.763032645,1.760001661,1.760001661,1.760001661,1.760001661,1.743811712
2005:01:00,999,999,999,999,999,999,999,999,999,999,999,999,999,999,999,999,999,999,999,999,999,999,999,999,999,999,999,999,999,999,999,999,999,999,999,999,999,999,999,999,999,1.43,1.56,1.56,1.56,1.37,1.37,1.37,1.37,1.3,1.3,1.3,1.3,1.28,1.28,1.28,1.28,1.46,1.46,1.46,1.46,1.38,1.38,1.38,1.38,1.38,1.38,1.38,1.38,1.38,1.374615779,1.374615779,1.374615779,1.336710392,1.336710392,1.336710392,1.336710392,1.345303832,1.345303832,1.345303832,1.345303832,1.345280346,1.345280346,1.345280346,1.345280346,1.347908745,1.347908745,1.347908745,1.347908745,1.347908745,1.347908745,1.347908745,1.347908745,1.390219245
2005:02:00,999,999,999,999,999,999,999,999,999,999,999,999,999,999,999,999,999,999,999,999,999,999,999,999,999,999,999,999,999,999,999,999,999,999,999,999,999,999,999,999,999,999,1.79,1.87,1.87,1.62,1.62,1.62,1.62,2.17,2.17,2.17,2.17,2.08,2.08,2.08,2.08,2.11,2.11,2.11,2.11,2.22,2.22,2.22,2.22,2.22,2.22,2.22,2.22,2.21,2.196080205,2.196080205,2.196080205,2.188279443,2.188279443,2.188279443,2.188279443,2.197191573,2.197191573,2.197191573,2.197191573,2.199218345,2.199218345,2.199218345,2.199218345,2.206518306,2.206518306,2.206518306,2.206518306,1.347908745,1.347908745,1.347908745,1.347908745,2.190356318
2005:03:00,999,999,999,999,999,999,999,999,999,999,999,999,999,999,999,999,999,999,999,999,999,999,999,999,999,999,999,999,999,999,999,999,999,999,999,999,999,999,999,999,999,999,999,1.7,1.63,1.57,1.57,1.57,1.57,2.23,2.23,2.23,2.23,2.36,2.36,2.36,2.36,2.18,2.18,2.18,2.18,2.24,2.24,2.24,2.24,2.24,2.24,2.24,2.24,2.25,2.229100552,2.229100552,2.229100552,2.223348047,2.223348047,2.223348047,2.223348047,2.237070633,2.237070633,2.237070633,2.237070633,2.239075311,2.239075311,2.239075311,2.239075311,2.245291023,2.245291023,2.245291023,2.245291023,2.241277318,2.241277318,2.241277318,2.241277318,2.230291248
2005:04:00,999,999,999,999,999,999,999,999,999,999,999,999,999,999,999,999,999,999,999,999,999,999,999,999,999,999,999,999,999,999,999,999,999,999,999,999,999,999,999,999,999,999,999,999,0.97,1.24,1.24,1.24,1.24,1.64,1.64,1.64,1.64,1.62,1.62,1.62,1.62,1.58,1.58,1.58,1.58,1.4,1.4,1.4,1.4,1.4,1.4,1.4,1.4,1.39,1.38469908,1.38469908,1.38469908,1.384255314,1.384255314,1.384255314,1.384255314,1.403414289,1.403414289,1.403414289,1.403414289,1.40040214,1.40040214,1.40040214,1.40040214,1.405887733,1.405887733,1.405887733,1.405887733,1.408872563,1.408872563,1.408872563,1.408872563,1.402907942
2006:01:00,999,999,999,999,999,999,999,999,999,999,999,999,999,999,999,999,999,999,999,999,999,999,999,999,999,999,999,999,999,999,999,999,999,999,999,999,999,999,999,999,999,999,999,999,999,1.77,1.68,1.68,1.68,2.22,2.22,2.22,2.22,2.16,2.16,2.16,2.16,2.41,2.41,2.41,2.41,2.39,2.39,2.39,2.39,2.41,2.41,2.41,2.41,2.42,2.395316354,2.395316354,2.395316354,2.361871375,2.361871375,2.361871375,2.361871375,2.368037103,2.368037103,2.368037103,2.368037103,2.367094265,2.367094265,2.367094265,2.367094265,2.373105183,2.373105183,2.373105183,2.373105183,2.372127084,2.372127084,2.372127084,2.372127084,2.385049595
2006:02:00,999,999,999,999,999,999,999,999,999,999,999,999,999,999,999,999,999,999,999,999,999,999,999,999,999,999,999,999,999,999,999,999,999,999,999,999,999,999,999,999,999,999,999,999,999,999,1.18,1.21,1.21,1.55,1.55,1.55,1.55,1.36,1.36,1.36,1.36,1.39,1.39,1.39,1.39,1.57,1.57,1.57,1.57,1.52,1.52,1.52,1.52,1.51,1.505649843,1.505649843,1.505649843,1.517107964,1.517107964,1.517107964,1.517107964,1.517022213,1.517022213,1.517022213,1.517022213,1.520949869,1.520949869,1.520949869,1.520949869,1.5272658,1.5272658,1.5272658,1.5272658,1.529214178,1.529214178,1.529214178,1.529214178,1.523310032
2006:03:00,999,999,999,999,999,999,999,999,999,999,999,999,999,999,999,999,999,999,999,999,999,999,999,999,999,999,999,999,999,999,999,999,999,999,999,999,999,999,999,999,999,999,999,999,999,999,999,1.15,1.39,1.57,1.57,1.57,1.57,1.52,1.52,1.52,1.52,1.15,1.15,1.15,1.15,1.23,1.23,1.23,1.23,1.28,1.28,1.28,1.28,1.3,1.291014966,1.291014966,1.291014966,1.302442329,1.302442329,1.302442329,1.302442329,1.294964029,1.294964029,1.294964029,1.294964029,1.293959279,1.293959279,1.293959279,1.293959279,1.299317034,1.299317034,1.299317034,1.299317034,1.291506146,1.291506146,1.291506146,1.291506146,1.284676461
2006:04:00,999,999,999,999,999,999,999,999,999,999,999,999,999,999,999,999,999,999,999,999,999,999,999,999,999,999,999,999,999,999,999,999,999,999,999,999,999,999,999,999,999,999,999,999,999,999,999,999,1.35,1.5,1.5,1.5,1.5,1.28,1.28,1.28,1.28,1.41,1.41,1.41,1.41,1.03,1.03,1.03,1.03,1.04,1.04,1.04,1.04,1.03,1.025798764,1.025798764,1.025798764,1.043094477,1.043094477,1.043094477,1.043094477,1.06833698,1.06833698,1.06833698,1.06833698,1.069329561,1.069329561,1.069329561,1.069329561,1.068891559,1.068891559,1.068891559,1.068891559,1.074732107,1.074732107,1.074732107,1.074732107,1.072797955
2007:01:00,999,999,999,999,999,999,999,999,999,999,999,999,999,999,999,999,999,999,999,999,999,999,999,999,999,999,999,999,999,999,999,999,999,999,999,999,999,999,999,999,999,999,999,999,999,999,999,999,999,1.51,1.46,1.46,1.46,1.16,1.16,1.16,1.16,1.47,1.47,1.47,1.47,1.55,1.55,1.55,1.55,1.54,1.54,1.54,1.54,1.6,1.589846379,1.589846379,1.589846379,1.570795489,1.570795489,1.570795489,1.570795489,1.586063959,1.586063959,1.586063959,1.586063959,1.58410038,1.58410038,1.58410038,1.58410038,1.594162121,1.594162121,1.594162121,1.594162121,1.594195255,1.594195255,1.594195255,1.594195255,1.595204727
2007:02:00,999,999,999,999,999,999,999,999,999,999,999,999,999,999,999,999,999,999,999,999,999,999,999,999,999,999,999,999,999,999,999,999,999,999,999,999,999,999,999,999,999,999,999,999,999,999,999,999,999,999,1.28,1.22,1.22,0.92,0.92,0.92,0.92,0.85,0.85,0.85,0.85,1.18,1.18,1.18,1.18,1.08,1.08,1.08,1.08,1.02,1.01233335,1.01233335,1.01233335,1.021743406,1.021743406,1.021743406,1.021743406,1.024472533,1.024472533,1.024472533,1.024472533,1.026391566,1.026391566,1.026391566,1.026391566,1.035624759,1.035624759,1.035624759,1.035624759,1.036586345,1.036586345,1.036586345,1.036586345,1.0395495
2007:03:00,999,999,999,999,999,999,999,999,999,999,999,999,999,999,999,999,999,999,999,999,999,999,999,999,999,999,999,999,999,999,999,999,999,999,999,999,999,999,999,999,999,999,999,999,999,999,999,999,999,999,999,0.87,0.81,0.75,0.75,0.75,0.75,0.11,0.11,0.11,0.11,0.11,0.11,0.11,0.11,0.14,0.14,0.14,0.14,0.2,0.199606558,0.199606558,0.199606558,0.21796992,0.21796992,0.21796992,0.21796992,0.232015752,0.232015752,0.232015752,0.232015752,0.229114459,0.229114459,0.229114459,0.229114459,0.231908711,0.231908711,0.231908711,0.231908711,0.230952087,0.230952087,0.230952087,0.230952087,0.248321039
2007:04:00,999,999,999,999,999,999,999,999,999,999,999,999,999,999,999,999,999,999,999,999,999,999,999,999,999,999,999,999,999,999,999,999,999,999,999,999,999,999,999,999,999,999,999,999,999,999,999,999,999,999,999,999,0.88,0.79,0.79,0.79,0.79,1.18,1.18,1.18,1.18,0.6,0.6,0.6,0.6,0.7,0.7,0.7,0.7,0.66,0.656693593,0.656693593,0.656693593,0.680654312,0.680654312,0.680654312,0.680654312,0.708194328,0.708194328,0.708194328,0.708194328,0.710138083,0.710138083,0.710138083,0.710138083,0.708852831,0.708852831,0.708852831,0.708852831,0.708854525,0.708854525,0.708854525,0.708854525,0.689513663
2008:01:00,999,999,999,999,999,999,999,999,999,999,999,999,999,999,999,999,999,999,999,999,999,999,999,999,999,999,999,999,999,999,999,999,999,999,999,999,999,999,999,999,999,999,999,999,999,999,999,999,999,999,999,999,999,-0.31,-0.33,-0.33,-0.33,-0.17,-0.17,-0.17,-0.17,0.1,0.1,0.1,0.1,0.09,0.09,0.09,0.09,0.15,0.145048063,0.145048063,0.145048063,0.086992453,0.086992453,0.086992453,0.086992453,0.101268753,0.101268753,0.101268753,0.101268753,0.099358876,0.099358876,0.099358876,0.099358876,0.111835731,0.111835731,0.111835731,0.111835731,0.110852697,0.110852697,0.110852697,0.110852697,0.116668557
2008:02:00,999,999,999,999,999,999,999,999,999,999,999,999,999,999,999,999,999,999,999,999,999,999,999,999,999,999,999,999,999,999,999,999,999,999,999,999,999,999,999,999,999,999,999,999,999,999,999,999,999,999,999,999,999,999,-0.62,-0.63,-0.63,-1.25,-1.25,-1.25,-1.25,-1.17,-1.17,-1.17,-1.17,-1.37,-1.37,-1.37,-1.37,-1.42,-1.426755567,-1.426755567,-1.426755567,-1.38093685,-1.38093685,-1.38093685,-1.38093685,-1.373059206,-1.373059206,-1.373059206,-1.373059206,-1.371124395,-1.371124395,-1.371124395,-1.371124395,-1.355994243,-1.355994243,-1.355994243,-1.355994243,-1.35310955,-1.35310955,-1.35310955,-1.35310955,-1.349277146
2008:03:00,999,999,999,999,999,999,999,999,999,999,999,999,999,999,999,999,999,999,999,999,999,999,999,999,999,999,999,999,999,999,999,999,999,999,999,999,999,999,999,999,999,999,999,999,999,999,999,999,999,999,999,999,999,999,999,-0.73,-1.07,-1.46,-1.46,-1.46,-1.46,-2.28,-2.28,-2.28,-2.28,-2.16,-2.16,-2.16,-2.16,-2.11,-2.130332552,-2.130332552,-2.130332552,-2.105272804,-2.105272804,-2.105272804,-2.105272804,-2.056973725,-2.056973725,-2.056973725,-2.056973725,-2.05795554,-2.05795554,-2.05795554,-2.05795554,-2.055908605,-2.055908605,-2.055908605,-2.055908605,-2.062663185,-2.062663185,-2.062663185,-2.062663185,-2.057818393
2008:04:00,999,999,999,999,999,999,999,999,999,999,999,999,999,999,999,999,999,999,999,999,999,999,999,999,999,999,999,999,999,999,999,999,999,999,999,999,999,999,999,999,999,999,999,999,999,999,999,999,999,999,999,999,999,999,999,999,-3.73,-3.68,-3.68,-3.68,-3.68,-4.83,-4.83,-4.83,-4.83,-4.68,-4.68,-4.68,-4.68,-4.67,-4.75161788,-4.75161788,-4.75161788,-4.73681209,-4.73681209,-4.73681209,-4.73681209,-4.679875303,-4.679875303,-4.679875303,-4.679875303,-4.684747742,-4.684747742,-4.684747742,-4.684747742,-4.687084005,-4.687084005,-4.687084005,-4.687084005,-4.680357807,-4.680357807,-4.680357807,-4.680357807,-4.678376216
2009:01:00,999,999,999,999,999,999,999,999,999,999,999,999,999,999,999,999,999,999,999,999,999,999,999,999,999,999,999,999,999,999,999,999,999,999,999,999,999,999,999,999,999,999,999,999,999,999,999,999,999,999,999,999,999,999,999,999,999,-5.9,-5.95,-5.95,-5.95,-6.38,-6.38,-6.38,-6.38,-6.5,-6.5,-6.5,-6.5,-6.57,-6.737360195,-6.737360195,-6.737360195,-6.695595292,-6.695595292,-6.695595292,-6.695595292,-6.672902136,-6.672902136,-6.672902136,-6.672902136,-6.667050453,-6.667050453,-6.667050453,-6.667050453,-6.649775711,-6.649775711,-6.649775711,-6.649775711,-6.648756307,-6.648756307,-6.648756307,-6.648756307,-6.632915415
2009:02:00,999,999,999,999,999,999,999,999,999,999,999,999,999,999,999,999,999,999,999,999,999,999,999,999,999,999,999,999,999,999,999,999,999,999,999,999,999,999,999,999,999,999,999,999,999,999,999,999,999,999,999,999,999,999,999,999,999,999,-4.56,-4.52,-4.52,-5.03,-5.03,-5.03,-5.03,-5.48,-5.48,-5.48,-5.48,-5.51,-5.623979761,-5.623979761,-5.623979761,-5.661782965,-5.661782965,-5.661782965,-5.661782965,-5.584188281,-5.584188281,-5.584188281,-5.584188281,-5.58417403,-5.58417403,-5.58417403,-5.58417403,-5.579986498,-5.579986498,-5.579986498,-5.579986498,-5.578968285,-5.578968285,-5.578968285,-5.578968285,-5.597609871
2009:03:00,999,999,999,999,999,999,999,999,999,999,999,999,999,999,999,999,999,999,999,999,999,999,999,999,999,999,999,999,999,999,999,999,999,999,999,999,999,999,999,999,999,999,999,999,999,999,999,999,999,999,999,999,999,999,999,999,999,999,999,-2.8,-2.59,-3.12,-3.12,-3.12,-3.12,-3.01,-3.01,-3.01,-3.01,-3.02,-3.057780053,-3.057780053,-3.057780053,-3.055247691,-3.055247691,-3.055247691,-3.055247691,-2.971683827,-2.971683827,-2.971683827,-2.971683827,-2.968631386,-2.968631386,-2.968631386,-2.968631386,-2.962822535,-2.962822535,-2.962822535,-2.962822535,-2.965842947,-2.965842947,-2.965842947,-2.965842947,-2.981057745
2009:04:00,999,999,999,999,999,999,999,999,999,999,999,999,999,999,999,999,999,999,999,999,999,999,999,999,999,999,999,999,999,999,999,999,999,999,999,999,999,999,999,999,999,999,999,999,999,999,999,999,999,999,999,999,999,999,999,999,999,999,999,999,-0.9,-1.34,-1.34,-1.34,-1.34,-1.64,-1.64,-1.64,-1.64,-1.52,-1.528877859,-1.528877859,-1.528877859,-1.485001115,-1.485001115,-1.485001115,-1.485001115,-1.594081719,-1.594081719,-1.594081719,-1.594081719,-1.604310842,-1.604310842,-1.604310842,-1.604310842,-1.576802964,-1.576802964,-1.576802964,-1.576802964,-1.577814639,-1.577814639,-1.577814639,-1.577814639,-1.567619354
2010:01:00,999,999,999,999,999,999,999,999,999,999,999,999,999,999,999,999,999,999,999,999,999,999,999,999,999,999,999,999,999,999,999,999,999,999,999,999,999,999,999,999,999,999,999,999,999,999,999,999,999,999,999,999,999,999,999,999,999,999,999,999,999,0.02,0.18,0.18,0.18,-0.32,-0.32,-0.32,-0.32,-0.4,-0.396548394,-0.396548394,-0.396548394,-0.438519727,-0.438519727,-0.438519727,-0.438519727,-0.474292463,-0.474292463,-0.474292463,-0.474292463,-0.463027448,-0.463027448,-0.463027448,-0.463027448,-0.46782787,-0.46782787,-0.46782787,-0.46782787,-0.466813376,-0.466813376,-0.466813376,-0.466813376,-0.452441093
2010:02:00,999,999,999,999,999,999,999,999,999,999,999,999,999,999,999,999,999,999,999,999,999,999,999,999,999,999,999,999,999,999,999,999,999,999,999,999,999,999,999,999,999,999,999,999,999,999,999,999,999,999,999,999,999,999,999,999,999,999,999,999,999,999,2.21,2.16,2.16,1.98,1.98,1.98,1.98,2,1.984740486,1.984740486,1.984740486,1.923968272,1.923968272,1.923968272,1.923968272,1.978544085,1.978544085,1.978544085,1.978544085,1.953882098,1.953882098,1.953882098,1.953882098,1.948504406,1.948504406,1.948504406,1.948504406,1.951585825,1.951585825,1.951585825,1.951585825,1.930937389
2010:03:00,999,999,999,999,999,999,999,999,999,999,999,999,999,999,999,999,999,999,999,999,999,999,999,999,999,999,999,999,999,999,999,999,999,999,999,999,999,999,999,999,999,999,999,999,999,999,999,999,999,999,999,999,999,999,999,999,999,999,999,999,999,999,999,-0.33,-0.15,-0.23,-0.23,-0.23,-0.23,-0.12,-0.124130186,-0.124130186,-0.124130186,-0.116916781,-0.116916781,-0.116916781,-0.116916781,-0.053173647,-0.053173647,-0.053173647,-0.053173647,-0.062381577,-0.062381577,-0.062381577,-0.062381577,-0.075650092,-0.075650092,-0.075650092,-0.075650092,-0.079727901,-0.079727901,-0.079727901,-0.079727901,-0.088928869
2010:04:00,999,999,999,999,999,999,999,999,999,999,999,999,999,999,999,999,999,999,999,999,999,999,999,999,999,999,999,999,999,999,999,999,999,999,999,999,999,999,999,999,999,999,999,999,999,999,999,999,999,999,999,999,999,999,999,999,999,999,999,999,999,999,999,999,0.85,0.76,0.76,0.76,0.76,0.94,0.941102217,0.941102217,0.941102217,0.968446322,0.968446322,0.968446322,0.968446322,0.932887348,0.932887348,0.932887348,0.932887348,0.959531043,0.959531043,0.959531043,0.959531043,0.988605867,0.988605867,0.988605867,0.988605867,0.992687571,0.992687571,0.992687571,0.992687571,1.012174232
2011:01:00,999,999,999,999,999,999,999,999,999,999,999,999,999,999,999,999,999,999,999,999,999,999,999,999,999,999,999,999,999,999,999,999,999,999,999,999,999,999,999,999,999,999,999,999,999,999,999,999,999,999,999,999,999,999,999,999,999,999,999,999,999,999,999,999,999,1.24,1.3,1.3,1.3,1.42,1.409860283,1.409860283,1.409860283,1.164627923,1.164627923,1.164627923,1.164627923,1.058292257,1.058292257,1.058292257,1.058292257,1.085851939,1.085851939,1.085851939,1.085851939,1.046348896,1.046348896,1.046348896,1.046348896,1.045331266,1.045331266,1.045331266,1.045331266,1.045323271
2011:02:00,999,999,999,999,999,999,999,999,999,999,999,999,999,999,999,999,999,999,999,999,999,999,999,999,999,999,999,999,999,999,999,999,999,999,999,999,999,999,999,999,999,999,999,999,999,999,999,999,999,999,999,999,999,999,999,999,999,999,999,999,999,999,999,999,999,999,1.38,1.44,1.44,1.7,1.690573194,1.690573194,1.690573194,1.996984609,1.996984609,1.996984609,1.996984609,2.014264834,2.014264834,2.014264834,2.014264834,1.967329741,1.967329741,1.967329741,1.967329741,2.092333879,2.092333879,2.092333879,2.092333879,2.091285674,2.091285674,2.091285674,2.091285674,2.090262732
2011:03:00,999,999,999,999,999,999,999,999,999,999,999,999,999,999,999,999,999,999,999,999,999,999,999,999,999,999,999,999,999,999,999,999,999,999,999,999,999,999,999,999,999,999,999,999,999,999,999,999,999,999,999,999,999,999,999,999,999,999,999,999,999,999,999,999,999,999,999,0.71,0.91,0.9,0.896088755,0.896088755,0.896088755,1.275311877,1.275311877,1.275311877,1.275311877,1.335801053,1.335801053,1.335801053,1.335801053,1.319677664,1.319677664,1.319677664,1.319677664,1.227399672,1.227399672,1.227399672,1.227399672,1.21628619,1.21628619,1.21628619,1.21628619,1.236497203
2011:04:00,999,999,999,999,999,999,999,999,999,999,999,999,999,999,999,999,999,999,999,999,999,999,999,999,999,999,999,999,999,999,999,999,999,999,999,999,999,999,999,999,999,999,999,999,999,999,999,999,999,999,999,999,999,999,999,999,999,999,999,999,999,999,999,999,999,999,999,999,1.29,1.39,1.380663114,1.380663114,1.380663114,1.678139281,1.678139281,1.678139281,1.678139281,1.652331241,1.652331241,1.652331241,1.652331241,1.656513205,1.656513205,1.656513205,1.656513205,1.718967956,1.718967956,1.718967956,1.718967956,1.739197543,1.739197543,1.739197543,1.739197543,1.710866083
2012:01:00,999,999,999,999,999,999,999,999,999,999,999,999,999,999,999,999,999,999,999,999,999,999,999,999,999,999,999,999,999,999,999,999,999,999,999,999,999,999,999,999,999,999,999,999,999,999,999,999,999,999,999,999,999,999,999,999,999,999,999,999,999,999,999,999,999,999,999,999,999,2.06,2.110330719,2.110330719,2.110330719,2.332298485,2.332298485,2.332298485,2.332298485,2.343137393,2.343137393,2.343137393,2.343137393,2.460950691,2.460950691,2.460950691,2.460950691,2.33740567,2.33740567,2.33740567,2.33740567,2.350394561,2.350394561,2.350394561,2.350394561,2.331325197
2012Q2,999,999,999,999,999,999,999,999,999,999,999,999,999,999,999,999,999,999,999,999,999,999,999,999,999,999,999,999,999,999,999,999,999,999,999,999,999,999,999,999,999,999,999,999,999,999,999,999,999,999,999,999,999,999,999,999,999,999,999,999,999,999,999,999,999,999,999,999,999,999,0.987840565,0.972766854,0.972766854,1.356791775,1.356791775,1.356791775,1.356791775,1.307153585,1.307153585,1.307153585,1.307153585,1.199961003,1.199961003,1.199961003,1.199961003,1.27526289,1.27526289,1.27526289,1.27526289,1.24121813,1.24121813,1.24121813,1.24121813,1.277276549
2012Q3,999,999,999,999,999,999,999,999,999,999,999,999,999,999,999,999,999,999,999,999,999,999,999,999,999,999,999,999,999,999,999,999,999,999,999,999,999,999,999,999,999,999,999,999,999,999,999,999,999,999,999,999,999,999,999,999,999,999,999,999,999,999,999,999,999,999,999,999,999,999,999,1.120778322,1.239060479,1.224393831,1.224393831,1.224393831,1.224393831,1.222211954,1.222211954,1.222211954,1.222211954,1.229245114,1.229245114,1.229245114,1.229245114,1.273181079,1.273181079,1.273181079,1.273181079,1.247353253,1.247353253,1.247353253,1.247353253,1.255262832
2012Q4,999,999,999,999,999,999,999,999,999,999,999,999,999,999,999,999,999,999,999,999,999,999,999,999,999,999,999,999,999,999,999,999,999,999,999,999,999,999,999,999,999,999,999,999,999,999,999,999,999,999,999,999,999,999,999,999,999,999,999,999,999,999,999,999,999,999,999,999,999,999,999,999,1.343167236,1.626876148,1.626876148,1.626876148,1.626876148,1.754743076,1.754743076,1.754743076,1.754743076,1.724036609,1.724036609,1.724036609,1.724036609,1.477524411,1.477524411,1.477524411,1.477524411,1.517345714,1.517345714,1.517345714,1.517345714,1.511349935
2013Q1,999,999,999,999,999,999,999,999,999,999,999,999,999,999,999,999,999,999,999,999,999,999,999,999,999,999,999,999,999,999,999,999,999,999,999,999,999,999,999,999,999,999,999,999,999,999,999,999,999,999,999,999,999,999,999,999,999,999,999,999,999,999,999,999,999,999,999,999,999,999,999,999,999,1.738266836,1.918748155,1.918748155,1.918748155,1.901320149,1.901320149,1.901320149,1.901320149,2.084486569,2.084486569,2.084486569,2.084486569,1.939727132,1.939727132,1.939727132,1.939727132,1.932802152,1.932802152,1.932802152,1.932802152,1.90109459
2013Q2,999,999,999,999,999,999,999,999,999,999,999,999,999,999,999,999,999,999,999,999,999,999,999,999,999,999,999,999,999,999,999,999,999,999,999,999,999,999,999,999,999,999,999,999,999,999,999,999,999,999,999,999,999,999,999,999,999,999,999,999,999,999,999,999,999,999,999,999,999,999,999,999,999,999,1.774377428,1.714188395,1.714188395,1.741765931,1.741765931,1.741765931,1.741765931,1.642783675,1.642783675,1.642783675,1.642783675,1.710971497,1.710971497,1.710971497,1.710971497,1.722794926,1.722794926,1.722794926,1.722794926,1.723849495
2013Q3,999,999,999,999,999,999,999,999,999,999,999,999,999,999,999,999,999,999,999,999,999,999,999,999,999,999,999,999,999,999,999,999,999,999,999,999,999,999,999,999,999,999,999,999,999,999,999,999,999,999,999,999,999,999,999,999,999,999,999,999,999,999,999,999,999,999,999,999,999,999,999,999,999,999,999,1.298078875,1.413049639,1.583308392,1.583308392,1.583308392,1.583308392,1.593976899,1.593976899,1.593976899,1.593976899,1.619421299,1.619421299,1.619421299,1.619421299,1.594878262,1.594878262,1.594878262,1.594878262,1.577313792
2013Q4,999,999,999,999,999,999,999,999,999,999,999,999,999,999,999,999,999,999,999,999,999,999,999,999,999,999,999,999,999,999,999,999,999,999,999,999,999,999,999,999,999,999,999,999,999,999,999,999,999,999,999,999,999,999,999,999,999,999,999,999,999,999,999,999,999,999,999,999,999,999,999,999,999,999,999,999,1.707709707,1.827916213,1.827916213,1.827916213,1.827916213,1.92623416,1.92623416,1.92623416,1.92623416,1.788523882,1.788523882,1.788523882,1.788523882,1.795448047,1.795448047,1.795448047,1.795448047,1.782900013
2014Q1,999,999,999,999,999,999,999,999,999,999,999,999,999,999,999,999,999,999,999,999,999,999,999,999,999,999,999,999,999,999,999,999,999,999,999,999,999,999,999,999,999,999,999,999,999,999,999,999,999,999,999,999,999,999,999,999,999,999,999,999,999,999,999,999,999,999,999,999,999,999,999,999,999,999,999,999,999,1.418341018,1.477620713,1.477620713,1.477620713,1.586800417,1.586800417,1.586800417,1.586800417,1.505668075,1.505668075,1.505668075,1.505668075,1.453218995,1.453218995,1.453218995,1.453218995,1.509760287
2014Q2,999,999,999,999,999,999,999,999,999,999,999,999,999,999,999,999,999,999,999,999,999,999,999,999,999,999,999,999,999,999,999,999,999,999,999,999,999,999,999,999,999,999,999,999,999,999,999,999,999,999,999,999,999,999,999,999,999,999,999,999,999,999,999,999,999,999,999,999,999,999,999,999,999,999,999,999,999,999,2.202930761,2.192303172,2.192303172,2.307970273,2.307970273,2.307970273,2.307970273,2.297428149,2.297428149,2.297428149,2.297428149,2.39845529,2.39845529,2.39845529,2.39845529,2.368408502
2014Q3,999,999,999,999,999,999,999,999,999,999,999,999,999,999,999,999,999,999,999,999,999,999,999,999,999,999,999,999,999,999,999,999,999,999,999,999,999,999,999,999,999,999,999,999,999,999,999,999,999,999,999,999,999,999,999,999,999,999,999,999,999,999,999,999,999,999,999,999,999,999,999,999,999,999,999,999,999,999,999,2.021519508,2.087940864,2.145621749,2.145621749,2.145621749,2.145621749,2.158276081,2.158276081,2.158276081,2.158276081,2.116706486,2.116706486,2.116706486,2.116706486,2.105243408
2014Q4,999,999,999,999,999,999,999,999,999,999,999,999,999,999,999,999,999,999,999,999,999,999,999,999,999,999,999,999,999,999,999,999,999,999,999,999,999,999,999,999,999,999,999,999,999,999,999,999,999,999,999,999,999,999,999,999,999,999,999,999,999,999,999,999,999,999,999,999,999,999,999,999,999,999,999,999,999,999,999,999,2.380648163,2.440326836,2.440326836,2.440326836,2.440326836,2.24333702,2.24333702,2.24333702,2.24333702,2.249095519,2.249095519,2.249095519,2.249095519,2.320116827
2015Q1,999,999,999,999,999,999,999,999,999,999,999,999,999,999,999,999,999,999,999,999,999,999,999,999,999,999,999,999,999,999,999,999,999,999,999,999,999,999,999,999,999,999,999,999,999,999,999,999,999,999,999,999,999,999,999,999,999,999,999,999,999,999,999,999,999,999,999,999,999,999,999,999,999,999,999,999,999,999,999,999,999,2.22297859,2.220126167,2.220126167,2.220126167,2.086183145,2.086183145,2.086183145,2.086183145,1.985267456,1.985267456,1.985267456,1.985267456,1.954645638
2015Q2,999,999,999,999,999,999,999,999,999,999,999,999,999,999,999,999,999,999,999,999,999,999,999,999,999,999,999,999,999,999,999,999,999,999,999,999,999,999,999,999,999,999,999,999,999,999,999,999,999,999,999,999,999,999,999,999,999,999,999,999,999,999,999,999,999,999,999,999,999,999,999,999,999,999,999,999,999,999,999,999,999,999,1.698234168,1.730373732,1.730373732,1.855686457,1.855686457,1.855686457,1.855686457,1.979269899,1.979269899,1.979269899,1.979269899,2.00005682
2015Q3,999,999,999,999,999,999,999,999,999,999,999,999,999,999,999,999,999,999,999,999,999,999,999,999,999,999,999,999,999,999,999,999,999,999,999,999,999,999,999,999,999,999,999,999,999,999,999,999,999,999,999,999,999,999,999,999,999,999,999,999,999,999,999,999,999,999,999,999,999,999,999,999,999,999,999,999,999,999,999,999,999,999,999,1.725744951,1.760570541,1.893314297,1.893314297,1.893314297,1.893314297,1.820623366,1.820623366,1.820623366,1.820623366,1.782812721
2015Q4,999,999,999,999,999,999,999,999,999,999,999,999,999,999,999,999,999,999,999,999,999,999,999,999,999,999,999,999,999,999,999,999,999,999,999,999,999,999,999,999,999,999,999,999,999,999,999,999,999,999,999,999,999,999,999,999,999,999,999,999,999,999,999,999,999,999,999,999,999,999,999,999,999,999,999,999,999,999,999,999,999,999,999,999,2.024699506,2.029761801,2.029761801,2.029761801,2.029761801,1.972786244,1.972786244,1.972786244,1.972786244,2.021604486
2016Q1,999,999,999,999,999,999,999,999,999,999,999,999,999,999,999,999,999,999,999,999,999,999,999,999,999,999,999,999,999,999,999,999,999,999,999,999,999,999,999,999,999,999,999,999,999,999,999,999,999,999,999,999,999,999,999,999,999,999,999,999,999,999,999,999,999,999,999,999,999,999,999,999,999,999,999,999,999,999,999,999,999,999,999,999,999,1.895402878,1.845932023,1.845932023,1.845932023,1.705464347,1.705464347,1.705464347,1.705464347,1.670771234
2016Q2,999,999,999,999,999,999,999,999,999,999,999,999,999,999,999,999,999,999,999,999,999,999,999,999,999,999,999,999,999,999,999,999,999,999,999,999,999,999,999,999,999,999,999,999,999,999,999,999,999,999,999,999,999,999,999,999,999,999,999,999,999,999,999,999,999,999,999,999,999,999,999,999,999,999,999,999,999,999,999,999,999,999,999,999,999,999,1.250375092,1.259655296,1.259655296,1.421237556,1.421237556,1.421237556,1.421237556,1.489065512
2016Q3,999,999,999,999,999,999,999,999,999,999,999,999,999,999,999,999,999,999,999,999,999,999,999,999,999,999,999,999,999,999,999,999,999,999,999,999,999,999,999,999,999,999,999,999,999,999,999,999,999,999,999,999,999,999,999,999,999,999,999,999,999,999,999,999,999,999,999,999,999,999,999,999,999,999,999,999,999,999,999,999,999,999,999,999,999,999,999,1.677972026,1.742812866,1.955240182,1.955240182,1.955240182,1.955240182,2.030842271
2016Q4,999,999,999,999,999,999,999,999,999,999,999,999,999,999,999,999,999,999,999,999,999,999,999,999,999,999,999,999,999,999,999,999,999,999,999,999,999,999,999,999,999,999,999,999,999,999,999,999,999,999,999,999,999,999,999,999,999,999,999,999,999,999,999,999,999,999,999,999,999,999,999,999,999,999,999,999,999,999,999,999,999,999,999,999,999,999,999,999,1.43925756,1.409316763,1.409316763,1.409316763,1.409316763,1.517510768
2017Q1,999,999,999,999,999,999,999,999,999,999,999,999,999,999,999,999,999,999,999,999,999,999,999,999,999,999,999,999,999,999,999,999,999,999,999,999,999,999,999,999,999,999,999,999,999,999,999,999,999,999,999,999,999,999,999,999,999,999,999,999,999,999,999,999,999,999,999,999,999,999,999,999,999,999,999,999,999,999,999,999,999,999,999,999,999,999,999,999,999,1.52285299,1.502628008,1.502628008,1.502628008,1.635691448
2017Q2,999,999,999,999,999,999,999,999,999,999,999,999,999,999,999,999,999,999,999,999,999,999,999,999,999,999,999,999,999,999,999,999,999,999,999,999,999,999,999,999,999,999,999,999,999,999,999,999,999,999,999,999,999,999,999,999,999,999,999,999,999,999,999,999,999,999,999,999,999,999,999,999,999,999,999,999,999,999,999,999,999,999,999,999,999,999,999,999,999,999,1.353351497,1.329578629,1.329578629,1.29809555
2017Q3,999,999,999,999,999,999,999,999,999,999,999,999,999,999,999,999,999,999,999,999,999,999,999,999,999,999,999,999,999,999,999,999,999,999,999,999,999,999,999,999,999,999,999,999,999,999,999,999,999,999,999,999,999,999,999,999,999,999,999,999,999,999,999,999,999,999,999,999,999,999,999,999,999,999,999,999,999,999,999,999,999,999,999,999,999,999,999,999,999,999,999,1.171025304,1.306897072,1.511682738
